site,variable,value,source,doi/web,sup_info
AT-Neu,pft0,0,Site picture,http://www.biomet.co.at/,
AT-Neu,pft1,0,,,
AT-Neu,pft2,0,,,
AT-Neu,pft3,0,,,
AT-Neu,pft4,0,,,
AT-Neu,pft5,0,,,
AT-Neu,pft6,0,,,
AT-Neu,pft7,0,,,
AT-Neu,pft8,0,,,
AT-Neu,pft9,0,,,
AT-Neu,pft10,0,,,
AT-Neu,pft11,0,,,
AT-Neu,pft12,0,,,
AT-Neu,pft13,100,,,
AT-Neu,pft14,0,,,
AT-Neu,pft15,0,,,
AT-Neu,sand,58,Wohlfahrt et al.(2008),https://doi.org/10.1029/2007JD009286,
AT-Neu,silt,32,,,
AT-Neu,clay,10,,,
AT-Neu,LAI,4.6,Gilmanov et al.(2007),https://doi.org/10.1016/j.agee.2006.12.008,
AT-Neu,canopy height,0.17,FLUXNET BADM,https://fluxnet.org/,
AT-Neu,reference height,3,Wohlfahrt et al.(2008),https://doi.org/10.1029/2007JD009286,wind speed
AT-Neu,lat,47.1166,,,
AT-Neu,lon,11.3175,,,
AT-Neu,tex_depth,2-50cm,,,
AT-Neu,LAI_year_range,2001,,,
AU-Cpr,pft0,0,Satellite data. Harper et al.(2022),https://doi.org/10.5194/essd-2022-296,
AU-Cpr,pft1,0,,,
AU-Cpr,pft2,0,,,
AU-Cpr,pft3,0,,,
AU-Cpr,pft4,0,,,
AU-Cpr,pft5,0,,,
AU-Cpr,pft6,0,,,
AU-Cpr,pft7,0,,,
AU-Cpr,pft8,0,,,
AU-Cpr,pft9,0,,,
AU-Cpr,pft10,16,,,
AU-Cpr,pft11,0,,,
AU-Cpr,pft12,0,,,
AU-Cpr,pft13,42,,,
AU-Cpr,pft14,42,,,
AU-Cpr,pft15,0,,,
AU-Cpr,sand,92,"(Meyer et al., 2015)",https://doi.org/10.1002/hyp.10467,
AU-Cpr,silt,5,,,
AU-Cpr,clay,3,,,
AU-Cpr,LAI,0.9,shijie,Na,
AU-Cpr,canopy height,2.62,FLUXNET BADM,https://fluxnet.org/,
AU-Cpr,reference height,10,OzFlux ,https://ozflux.org.au/,wind speed
AU-Cpr,lat,-34.002,,,
AU-Cpr,lon,140.5891,,,
AU-Cpr,tex_depth,Na,,,
AU-Cpr,LAI_year_range,2011-2017,,,
AU-DaP,pft0,0,Satellite data. Harper et al.(2022),https://doi.org/10.5194/essd-2022-296,
AU-DaP,pft1,0,,,
AU-DaP,pft2,0,,,
AU-DaP,pft3,0,,,
AU-DaP,pft4,0,,,
AU-DaP,pft5,0,,,
AU-DaP,pft6,0,,,
AU-DaP,pft7,0,,,
AU-DaP,pft8,0,,,
AU-DaP,pft9,0,,,
AU-DaP,pft10,0,,,
AU-DaP,pft11,0,,,
AU-DaP,pft12,0,,,
AU-DaP,pft13,80,,,
AU-DaP,pft14,20,,,
AU-DaP,pft15,0,,,
AU-DaP,sand,92,"(Hutley et al., 2011)",https://doi.org/10.1016/j.agrformet.2011.03.002,
AU-DaP,silt,5,,,
AU-DaP,clay,3,,,
AU-DaP,LAI,4.8,shijie,Na,
AU-DaP,canopy height,1,FLUXNET BADM,https://fluxnet.org/,
AU-DaP,reference height,15,OzFlux ,https://ozflux.org.au/,wind speed
AU-DaP,lat,-14.0633,,,
AU-DaP,lon,131.318,,,
AU-DaP,tex_depth,Na,,,
AU-DaP,LAI_year_range,2010,,,
AU-DaS,pft0,0,Satellite data. Harper et al.(2022),https://doi.org/10.5194/essd-2022-296,
AU-DaS,pft1,0,,,
AU-DaS,pft2,0,,,
AU-DaS,pft3,0,,,
AU-DaS,pft4,15,,,
AU-DaS,pft5,0,,,
AU-DaS,pft6,0,,,
AU-DaS,pft7,0,,,
AU-DaS,pft8,0,,,
AU-DaS,pft9,16,,,
AU-DaS,pft10,0,,,
AU-DaS,pft11,0,,,
AU-DaS,pft12,0,,,
AU-DaS,pft13,34.5,,,
AU-DaS,pft14,34.5,,,
AU-DaS,pft15,0,,,
AU-DaS,sand,92,"(Hutley et al., 2011)",https://doi.org/10.1016/j.agrformet.2011.03.002,
AU-DaS,silt,5,,,
AU-DaS,clay,3,,,
AU-DaS,LAI,2.5,shijie,Na,
AU-DaS,canopy height,16.4,FLUXNET BADM,https://fluxnet.org/,
AU-DaS,reference height,23,OzFlux ,https://ozflux.org.au/,wind speed
AU-DaS,lat,-14.1592,,,
AU-DaS,lon,131.388,,,
AU-DaS,tex_depth,Na,,,
AU-DaS,LAI_year_range,2012-2016,,,
AU-Dry,pft0,0,Satellite data. Harper et al.(2022),https://doi.org/10.5194/essd-2022-296,
AU-Dry,pft1,0,,,
AU-Dry,pft2,0,,,
AU-Dry,pft3,0,,,
AU-Dry,pft4,15,,,
AU-Dry,pft5,0,,,
AU-Dry,pft6,0,,,
AU-Dry,pft7,0,,,
AU-Dry,pft8,0,,,
AU-Dry,pft9,16,,,
AU-Dry,pft10,0,,,
AU-Dry,pft11,0,,,
AU-Dry,pft12,0,,,
AU-Dry,pft13,34.5,,,
AU-Dry,pft14,34.5,,,
AU-Dry,pft15,0,,,
AU-Dry,sand,56,"(Shangguan et al., 2014)",https://doi.org/10.1002/2013MS000293,
AU-Dry,silt,24,,,
AU-Dry,clay,29,,,
AU-Dry,LAI,1.9,shijie,Na,
AU-Dry,canopy height,12.3,FLUXNET BADM,https://fluxnet.org/,
AU-Dry,reference height,15,OzFlux ,https://ozflux.org.au/,wind speed
AU-Dry,lat,-15.2587,,,
AU-Dry,lon,132.3706,,,
AU-Dry,tex_depth,0-16.6cm,,,
AU-Dry,LAI_year_range,2013,,,
AU-How,pft0,0,"(O＊Grady et al., 2000)",https://doi.org/10.1071/BT99022,
AU-How,pft1,0,,,
AU-How,pft2,0,,,
AU-How,pft3,0,,,
AU-How,pft4,50,,,
AU-How,pft5,0,,,
AU-How,pft6,0,,,
AU-How,pft7,0,,,
AU-How,pft8,0,,,
AU-How,pft9,0,,,
AU-How,pft10,25,,,
AU-How,pft11,0,,,
AU-How,pft12,0,,,
AU-How,pft13,12.5,,,
AU-How,pft14,12.5,,,
AU-How,pft15,0,,,
AU-How,sand,58,"(Hutley et al., 2000)",https://doi.org/10.1046/j.1365-2435.2000.00416.x,
AU-How,silt,32,,,
AU-How,clay,10,,,
AU-How,LAI,3.95,"(Hutley et al., 2000)",https://doi.org/10.1046/j.1365-2435.2000.00416.x,
AU-How,canopy height,16,FLUXNET BADM,https://fluxnet.org/,
AU-How,reference height,23,OzFlux ,https://ozflux.org.au/,wind speed
AU-How,lat,-12.4952,,,
AU-How,lon,131.1499,,,
AU-How,tex_depth,0-15cm,,,
AU-How,LAI_year_range,Na,,,
AU-Lit,pft0,0,Satellite data. Harper et al.(2022),https://doi.org/10.5194/essd-2022-296,
AU-Lit,pft1,0,,,
AU-Lit,pft2,0,,,
AU-Lit,pft3,0,,,
AU-Lit,pft4,17,,,
AU-Lit,pft5,0,,,
AU-Lit,pft6,0,,,
AU-Lit,pft7,0,,,
AU-Lit,pft8,0,,,
AU-Lit,pft9,0,,,
AU-Lit,pft10,0,,,
AU-Lit,pft11,0,,,
AU-Lit,pft12,0,,,
AU-Lit,pft13,41.5,,,
AU-Lit,pft14,41.5,,,
AU-Lit,pft15,0,,,
AU-Lit,sand,87,"(Shangguan et al., 2014)",https://doi.org/10.1002/2013MS000293,
AU-Lit,silt,6,,,
AU-Lit,clay,7,,,
AU-Lit,LAI,2.4,shijie,Na,
AU-Lit,canopy height,20,"(Ukkola et al., 2022)",https://doi.org/10.5194/essd-14-449-2022,
AU-Lit,reference height,31,OzFlux ,https://ozflux.org.au/,wind speed
AU-Lit,lat,-13.179,,,
AU-Lit,lon,130.7944,,,
AU-Lit,tex_depth,0-28.9cm,,,
AU-Lit,LAI_year_range,2017,,,
AU-Stp,pft0,0,site picture,https://ozflux.org.au/,
AU-Stp,pft1,0,,,
AU-Stp,pft2,0,,,
AU-Stp,pft3,0,,,
AU-Stp,pft4,0,,,
AU-Stp,pft5,0,,,
AU-Stp,pft6,0,,,
AU-Stp,pft7,0,,,
AU-Stp,pft8,0,,,
AU-Stp,pft9,0,,,
AU-Stp,pft10,0,,,
AU-Stp,pft11,0,,,
AU-Stp,pft12,0,,,
AU-Stp,pft13,50,,,
AU-Stp,pft14,50,,,
AU-Stp,pft15,0,,,
AU-Stp,sand,22,"(Hutley et al., 2011)",https://doi.org/10.1016/j.agrformet.2011.03.002,
AU-Stp,silt,20,,,
AU-Stp,clay,58,,,
AU-Stp,LAI,1.2,shijie,Na,
AU-Stp,canopy height,1,FLUXNET BADM,https://fluxnet.org/,
AU-Stp,reference height,4.8,OzFlux ,https://ozflux.org.au/,wind speed
AU-Stp,lat,-17.1506,,,
AU-Stp,lon,133.3502,,,
AU-Stp,tex_depth,Na,,,
AU-Stp,LAI_year_range,2015,,,
AU-Tum,pft0,0,Satellite data. Harper et al.(2022),https://doi.org/10.5194/essd-2022-296,
AU-Tum,pft1,0,,,
AU-Tum,pft2,0,,,
AU-Tum,pft3,0,,,
AU-Tum,pft4,0,,,
AU-Tum,pft5,82,,,
AU-Tum,pft6,0,,,
AU-Tum,pft7,0,,,
AU-Tum,pft8,0,,,
AU-Tum,pft9,0,,,
AU-Tum,pft10,0,,,
AU-Tum,pft11,0,,,
AU-Tum,pft12,0,,,
AU-Tum,pft13,18,,,
AU-Tum,pft14,0,,,
AU-Tum,pft15,0,,,
AU-Tum,sand,58,"(Fest et al., 2009)",https://doi.org/10.1016/j.agrformet.2008.09.007,
AU-Tum,silt,15,,,
AU-Tum,clay,27,,,
AU-Tum,LAI,2.5,"(Slevin et al., 2015)",https://doi.org/10.5194/gmd-8-295-2015,
AU-Tum,canopy height,40.45,FLUXNET BADM,https://fluxnet.org/,
AU-Tum,reference height,70,OzFlux ,https://ozflux.org.au/,wind speed
AU-Tum,lat,-35.6566,,,
AU-Tum,lon,148.1517,,,
AU-Tum,tex_depth,0-20cm,,,
AU-Tum,LAI_year_range,Na,,,
BE-Bra,pft0,2.3,"(Janssens et al., 1999)","Forest ecosystem modelling, upscaling and remote sensing. SPB Academic Publishing, The Hague, 19-31.",
BE-Bra,pft1,49.8,,,
BE-Bra,pft2,0,,,
BE-Bra,pft3,0,,,
BE-Bra,pft4,0,,,
BE-Bra,pft5,0,,,
BE-Bra,pft6,0,,,
BE-Bra,pft7,31.9,,,
BE-Bra,pft8,0,,,
BE-Bra,pft9,0,,,
BE-Bra,pft10,0,,,
BE-Bra,pft11,0,,,
BE-Bra,pft12,0,,,
BE-Bra,pft13,16,,,
BE-Bra,pft14,0,,,
BE-Bra,pft15,0,,,
BE-Bra,sand,81,"(Neirynck et al., 2002)",https://doi.org/10.1016/S0378-1127(01)00476-5,
BE-Bra,silt,13,,,
BE-Bra,clay,6,,,
BE-Bra,LAI,3.6,"(Carrara et al., 2004)",https://doi.org/10.1016/j.agrformet.2004.05.002,
BE-Bra,canopy height,21.41,FLUXNET BADM,https://fluxnet.org/,
BE-Bra,reference height,41,"(Carrara et al., 2004)",https://doi.org/10.1016/j.agrformet.2004.05.002,wind speed
BE-Bra,lat,51.3091,,,
BE-Bra,lon,4.5205,,,
BE-Bra,tex_depth,0-5cm,,,
BE-Bra,LAI_year_range,Na,,,
BE-Lon,pft0,0,"(Moureaux et al., 2006)",https://doi.org/10.1016/j.agrformet.2006.05.009,
BE-Lon,pft1,0,,,
BE-Lon,pft2,0,,,
BE-Lon,pft3,0,,,
BE-Lon,pft4,0,,,
BE-Lon,pft5,0,,,
BE-Lon,pft6,0,,,
BE-Lon,pft7,0,,,
BE-Lon,pft8,0,,,
BE-Lon,pft9,0,,,
BE-Lon,pft10,0,,,
BE-Lon,pft11,0,,,
BE-Lon,pft12,0,,,
BE-Lon,pft13,0,,,
BE-Lon,pft14,0,,,
BE-Lon,pft15,100,,,
BE-Lon,sand,7.5,"(Moureaux et al., 2006)",https://doi.org/10.1016/j.agrformet.2006.05.009,
BE-Lon,silt,72.5,,,
BE-Lon,clay,20,,,
BE-Lon,LAI,5.1,shijie,Na,
BE-Lon,canopy height,0.47,FLUXNET BADM,https://fluxnet.org/,
BE-Lon,reference height,2.1,"(Moureaux et al., 2006)",https://doi.org/10.1016/j.agrformet.2006.05.009,wind speed
BE-Lon,lat,50.5515,,,
BE-Lon,lon,4.7461,,,
BE-Lon,tex_depth,Na,,,
BE-Lon,LAI_year_range,2005-2014,,,
BE-Vie,pft0,0,"(Laitat et al., 1999;Aubinet et al., 2001))","Forest ecosystem modelling, upscaling and remote sensing, 33;https://doi.org/10.1016/S0168-1923(01)00244-1",
BE-Vie,pft1,57.1,,,
BE-Vie,pft2,0,,,
BE-Vie,pft3,0,,,
BE-Vie,pft4,0,,,
BE-Vie,pft5,0,,,
BE-Vie,pft6,0,,,
BE-Vie,pft7,42.9,,,
BE-Vie,pft8,0,,,
BE-Vie,pft9,0,,,
BE-Vie,pft10,0,,,
BE-Vie,pft11,0,,,
BE-Vie,pft12,0,,,
BE-Vie,pft13,0,,,
BE-Vie,pft14,0,,,
BE-Vie,pft15,0,,,
BE-Vie,sand,16,"(Shangguan et al., 2014)",https://doi.org/10.1002/2013MS000293,
BE-Vie,silt,59,,,
BE-Vie,clay,25,,,
BE-Vie,LAI,4.2,"(van Wijk and Bouten et al., 2000)",https://doi.org/10.1029/2000WR900068,
BE-Vie,canopy height,33.66,FLUXNET BADM,https://fluxnet.org/,
BE-Vie,reference height,40,"(Aubinet et al., 2001)",https://doi.org/10.1016/S0168-1923(01)00244-1,wind speed
BE-Vie,lat,50.305,,,
BE-Vie,lon,5.998,,,
BE-Vie,tex_depth,0-4.5cm,,,
BE-Vie,LAI_year_range,Na,,,
CA-Qfo,pft0,0,"(Bergeron et al., 2007)",https://doi.org/10.1111/j.1365-2486.2006.01281.x,
CA-Qfo,pft1,100,,,
CA-Qfo,pft2,0,,,
CA-Qfo,pft3,0,,,
CA-Qfo,pft4,0,,,
CA-Qfo,pft5,0,,,
CA-Qfo,pft6,0,,,
CA-Qfo,pft7,0,,,
CA-Qfo,pft8,0,,,
CA-Qfo,pft9,0,,,
CA-Qfo,pft10,0,,,
CA-Qfo,pft11,0,,,
CA-Qfo,pft12,0,,,
CA-Qfo,pft13,0,,,
CA-Qfo,pft14,0,,,
CA-Qfo,pft15,0,,,
CA-Qfo,sand,58,"(Matheny et al., 2014)",https://doi.org/10.1002/2014JG002623,
CA-Qfo,silt,32,,,
CA-Qfo,clay,10,,,
CA-Qfo,LAI,3.7,"(Chen et al., 2006)",https://doi.org/10.1016/j.agrformet.2006.08.005,
CA-Qfo,canopy height,13.8,FLUXNET BADM,https://fluxnet.org/,
CA-Qfo,reference height,24,AmeriFlux,https://ameriflux.lbl.gov/,wind speed
CA-Qfo,lat,49.6925,,,
CA-Qfo,lon,-74.3421,,,
CA-Qfo,tex_depth,Na,,,
CA-Qfo,LAI_year_range,2003-2005,,,
CA-SF1,pft0,0,Satellite data. Harper et al.(2022),https://doi.org/10.5194/essd-2022-296,
CA-SF1,pft1,0,,,
CA-SF1,pft2,71,,,
CA-SF1,pft3,0,,,
CA-SF1,pft4,0,,,
CA-SF1,pft5,0,,,
CA-SF1,pft6,0,,,
CA-SF1,pft7,0,,,
CA-SF1,pft8,0,,,
CA-SF1,pft9,0,,,
CA-SF1,pft10,0,,,
CA-SF1,pft11,0,,,
CA-SF1,pft12,29,,,
CA-SF1,pft13,0,,,
CA-SF1,pft14,0,,,
CA-SF1,pft15,0,,,
CA-SF1,sand,58,"(Amiro, 2009)",https://doi.org/10.1016/j.jhydrol.2008.12.021,
CA-SF1,silt,32,,,
CA-SF1,clay,10,,,
CA-SF1,LAI,3.4,"(Amiro, 2009)",https://doi.org/10.1016/j.jhydrol.2008.12.021,
CA-SF1,canopy height,6,FLUXNET BADM,https://fluxnet.org/,
CA-SF1,reference height,12.1,AmeriFlux,https://ameriflux.lbl.gov/,wind speed
CA-SF1,lat,54.485,,,
CA-SF1,lon,-105.8175,,,
CA-SF1,tex_depth,Na,,,
CA-SF1,LAI_year_range,Na,,,
CA-SF2,pft0,0,Satellite data. Harper et al.(2022),https://doi.org/10.5194/essd-2022-296,
CA-SF2,pft1,0,,,
CA-SF2,pft2,87,,,
CA-SF2,pft3,0,,,
CA-SF2,pft4,0,,,
CA-SF2,pft5,0,,,
CA-SF2,pft6,0,,,
CA-SF2,pft7,0,,,
CA-SF2,pft8,0,,,
CA-SF2,pft9,0,,,
CA-SF2,pft10,0,,,
CA-SF2,pft11,0,,,
CA-SF2,pft12,0,,,
CA-SF2,pft13,13,,,
CA-SF2,pft14,0,,,
CA-SF2,pft15,0,,,
CA-SF2,sand,58,"(Amiro, 2009)",https://doi.org/10.1016/j.jhydrol.2008.12.021,
CA-SF2,silt,32,,,
CA-SF2,clay,10,,,
CA-SF2,LAI,3,"(Amiro, 2009)",https://doi.org/10.1016/j.jhydrol.2008.12.021,
CA-SF2,canopy height,4,FLUXNET BADM,https://fluxnet.org/,
CA-SF2,reference height,9.14,AmeriFlux,https://ameriflux.lbl.gov/,wind speed
CA-SF2,lat,54.2538,,,
CA-SF2,lon,-105.8775,,,
CA-SF2,tex_depth,Na,,,
CA-SF2,LAI_year_range,Na,,,
CA-SF3,pft0,0,Satellite data. Harper et al.(2022),https://doi.org/10.5194/essd-2022-296,
CA-SF3,pft1,0,,,
CA-SF3,pft2,78,,,
CA-SF3,pft3,0,,,
CA-SF3,pft4,0,,,
CA-SF3,pft5,0,,,
CA-SF3,pft6,0,,,
CA-SF3,pft7,0,,,
CA-SF3,pft8,0,,,
CA-SF3,pft9,0,,,
CA-SF3,pft10,0,,,
CA-SF3,pft11,0,,,
CA-SF3,pft12,0,,,
CA-SF3,pft13,22,,,
CA-SF3,pft14,0,,,
CA-SF3,pft15,0,,,
CA-SF3,sand,58,"(Amiro, 2009)",https://doi.org/10.1016/j.jhydrol.2008.12.021,
CA-SF3,silt,32,,,
CA-SF3,clay,10,,,
CA-SF3,LAI,1,"(Amiro, 2009)",https://doi.org/10.1016/j.jhydrol.2008.12.021,
CA-SF3,canopy height,18,FLUXNET BADM,https://fluxnet.org/,
CA-SF3,reference height,18.29,AmeriFlux,https://ameriflux.lbl.gov/,wind speed
CA-SF3,lat,54.0915,,,
CA-SF3,lon,-106.0053,,,
CA-SF3,tex_depth,Na,,,
CA-SF3,LAI_year_range,Na,,,
CH-Cha,pft0,0,"(Osterwalder et al., 2020)",https://doi.org/10.5194/amt-13-2057-2020,
CH-Cha,pft1,0,,,
CH-Cha,pft2,0,,,
CH-Cha,pft3,0,,,
CH-Cha,pft4,0,,,
CH-Cha,pft5,0,,,
CH-Cha,pft6,0,,,
CH-Cha,pft7,0,,,
CH-Cha,pft8,0,,,
CH-Cha,pft9,0,,,
CH-Cha,pft10,0,,,
CH-Cha,pft11,0,,,
CH-Cha,pft12,0,,,
CH-Cha,pft13,100,,,
CH-Cha,pft14,0,,,
CH-Cha,pft15,0,,,
CH-Cha,sand,35.8,Swiss Fluxnet,https://www.swissfluxnet.ethz.ch/,
CH-Cha,silt,45.2,,,
CH-Cha,clay,19,,,
CH-Cha,LAI,4.1,shijie,Na,
CH-Cha,canopy height,0.5,FLUXNET BADM,https://fluxnet.org/,
CH-Cha,reference height,2,"(Osterwalder et al., 2020)",https://doi.org/10.5194/amt-13-2057-2020,wind speed
CH-Cha,lat,47.2102,,,
CH-Cha,lon,8.4104,,,
CH-Cha,tex_depth,0-20cm,,,
CH-Cha,LAI_year_range,2006-2010,,,
CH-Dav,pft0,0,"(Zweifel et al., 2010)",https://doi.org/10.1111/j.1469-8137.2010.03301.x,
CH-Dav,pft1,0,,,
CH-Dav,pft2,69,,,
CH-Dav,pft3,1,,,
CH-Dav,pft4,0,,,
CH-Dav,pft5,0,,,
CH-Dav,pft6,0,,,
CH-Dav,pft7,0,,,
CH-Dav,pft8,0,,,
CH-Dav,pft9,0,,,
CH-Dav,pft10,0,,,
CH-Dav,pft11,30,,,
CH-Dav,pft12,0,,,
CH-Dav,pft13,0,,,
CH-Dav,pft14,0,,,
CH-Dav,pft15,0,,,
CH-Dav,sand,58,"(Gharun et al., 2020)",https://doi.org/10.1098/rstb.2019.0521,
CH-Dav,silt,32,,,
CH-Dav,clay,10,,,
CH-Dav,LAI,3.9,"(Etzold et al., 2011)",https://doi.org/10.1007/s10021-011-9481-3,
CH-Dav,canopy height,25,FLUXNET BADM,https://fluxnet.org/,
CH-Dav,reference height,35,"(Etzold et al., 2011)",https://doi.org/10.1007/s10021-011-9481-3,wind speed
CH-Dav,lat,46.8153,,,
CH-Dav,lon,9.8559,,,
CH-Dav,tex_depth,0-24cm,,,
CH-Dav,LAI_year_range,Na,,,
CH-Fru,pft0,0,"(Rogger et al., 2022)",https://doi.org/10.1016/j.agrformet.2021.108801,
CH-Fru,pft1,0,,,
CH-Fru,pft2,0,,,
CH-Fru,pft3,0,,,
CH-Fru,pft4,0,,,
CH-Fru,pft5,0,,,
CH-Fru,pft6,0,,,
CH-Fru,pft7,0,,,
CH-Fru,pft8,0,,,
CH-Fru,pft9,0,,,
CH-Fru,pft10,3,,,
CH-Fru,pft11,0,,,
CH-Fru,pft12,0,,,
CH-Fru,pft13,97,,,
CH-Fru,pft14,0,,,
CH-Fru,pft15,0,,,
CH-Fru,sand,29.6,Swiss Fluxnet,https://www.swissfluxnet.ethz.ch/,
CH-Fru,silt,48.7,,,
CH-Fru,clay,21.7,,,
CH-Fru,LAI,5.4,shijie,Na,
CH-Fru,canopy height,0.4,FLUXNET BADM,https://fluxnet.org/,
CH-Fru,reference height,2.55,"(Rogger et al., 2022)",https://doi.org/10.1016/j.agrformet.2021.108801,wind speed
CH-Fru,lat,47.1158,,,
CH-Fru,lon,8.5377,,,
CH-Fru,tex_depth,0-20cm,,,
CH-Fru,LAI_year_range,2007-2014,,,
CN-Cng,pft0,0,site picture,http://www.chinaflux.org/index.aspx,
CN-Cng,pft1,0,,,
CN-Cng,pft2,0,,,
CN-Cng,pft3,0,,,
CN-Cng,pft4,0,,,
CN-Cng,pft5,0,,,
CN-Cng,pft6,0,,,
CN-Cng,pft7,0,,,
CN-Cng,pft8,0,,,
CN-Cng,pft9,0,,,
CN-Cng,pft10,0,,,
CN-Cng,pft11,0,,,
CN-Cng,pft12,0,,,
CN-Cng,pft13,50,,,
CN-Cng,pft14,50,,,
CN-Cng,pft15,0,,,
CN-Cng,sand,8,"(Shangguan et al., 2014)",https://doi.org/10.1002/2013MS000293,
CN-Cng,silt,51,,,
CN-Cng,clay,40,,,
CN-Cng,LAI,1.8,shijie,Na,
CN-Cng,canopy height,0.69,FLUXNET BADM,https://fluxnet.org/,
CN-Cng,reference height,6,ChinaFlux,http://www.chinaflux.org/index.aspx,wind speed
CN-Cng,lat,44.5933,,,
CN-Cng,lon,123.5092,,,
CN-Cng,tex_depth,0-4.5cm,,,
CN-Cng,LAI_year_range,2008-2009,,,
CN-Du2,pft0,0,site picture,http://www.chinaflux.org/index.aspx,
CN-Du2,pft1,0,,,
CN-Du2,pft2,0,,,
CN-Du2,pft3,0,,,
CN-Du2,pft4,0,,,
CN-Du2,pft5,0,,,
CN-Du2,pft6,0,,,
CN-Du2,pft7,0,,,
CN-Du2,pft8,0,,,
CN-Du2,pft9,0,,,
CN-Du2,pft10,0,,,
CN-Du2,pft11,0,,,
CN-Du2,pft12,0,,,
CN-Du2,pft13,100,,,
CN-Du2,pft14,0,,,
CN-Du2,pft15,0,,,
CN-Du2,sand,76.8,"(Miao et al., 2009)",https://doi.org/10.1016/j.agrformet.2009.06.011,
CN-Du2,silt,16.7,,,
CN-Du2,clay,6.5,,,
CN-Du2,LAI,1,"(Miao et al., 2009)",https://doi.org/10.1016/j.agrformet.2009.06.011,
CN-Du2,canopy height,0.45,FLUXNET BADM,https://fluxnet.org/,
CN-Du2,reference height,4,ChinaFlux,http://www.chinaflux.org/index.aspx,wind speed
CN-Du2,lat,42.0466,,,
CN-Du2,lon,116.2835,,,
CN-Du2,tex_depth,0-20cm,,,
CN-Du2,LAI_year_range,2006-2007,,,
CN-HaM,pft0,0,site picture,http://www.chinaflux.org/index.aspx,
CN-HaM,pft1,0,,,
CN-HaM,pft2,0,,,
CN-HaM,pft3,0,,,
CN-HaM,pft4,0,,,
CN-HaM,pft5,0,,,
CN-HaM,pft6,0,,,
CN-HaM,pft7,0,,,
CN-HaM,pft8,0,,,
CN-HaM,pft9,0,,,
CN-HaM,pft10,0,,,
CN-HaM,pft11,0,,,
CN-HaM,pft12,0,,,
CN-HaM,pft13,100,,,
CN-HaM,pft14,0,,,
CN-HaM,pft15,0,,,
CN-HaM,sand,32,"(Kato et al., 2006)",https://doi.org/10.1111/j.1365-2486.2006.01153.x,
CN-HaM,silt,34,,,
CN-HaM,clay,34,,,
CN-HaM,LAI,1.3,shijie,Na,
CN-HaM,canopy height,0.3,FLUXNET BADM,https://fluxnet.org/,
CN-HaM,reference height,2.2,ChinaFlux,http://www.chinaflux.org/index.aspx,wind speed
CN-HaM,lat,37.3699,,,
CN-HaM,lon,101.18,,,
CN-HaM,tex_depth,0-65cm,,,
CN-HaM,LAI_year_range,2003,,,
CZ-wet,pft0,0,"(K芍plov芍 et al., 2011)",https://doi.org/10.1007/s11258-010-9865-z,
CZ-wet,pft1,0,,,
CZ-wet,pft2,0,,,
CZ-wet,pft3,0,,,
CZ-wet,pft4,0,,,
CZ-wet,pft5,0,,,
CZ-wet,pft6,0,,,
CZ-wet,pft7,0,,,
CZ-wet,pft8,0,,,
CZ-wet,pft9,0,,,
CZ-wet,pft10,0,,,
CZ-wet,pft11,0,,,
CZ-wet,pft12,0,,,
CZ-wet,pft13,100,,,
CZ-wet,pft14,0,,,
CZ-wet,pft15,0,,,
CZ-wet,sand,10,"(K芍plov芍 et al., 2011)",https://doi.org/10.1007/s11258-010-9865-z,
CZ-wet,silt,85,,,
CZ-wet,clay,5,,,
CZ-wet,LAI,5.4,shijie,Na,
CZ-wet,canopy height,1,FLUXNET BADM,https://fluxnet.org/,
CZ-wet,reference height,2.7,"(Du?ek et al., 2009)",https://doi.org/10.1016/j.agrformet.2009.04.007,wind speed
CZ-wet,lat,49.0246,,,
CZ-wet,lon,14.7703,,,
CZ-wet,tex_depth,Na,,,
CZ-wet,LAI_year_range,2007-2014,,,
DE-Bay,pft0,0,Satellite data. Harper et al.(2022),https://doi.org/10.5194/essd-2022-296,
DE-Bay,pft1,78,,,
DE-Bay,pft2,0,,,
DE-Bay,pft3,0,,,
DE-Bay,pft4,0,,,
DE-Bay,pft5,0,,,
DE-Bay,pft6,0,,,
DE-Bay,pft7,0,,,
DE-Bay,pft8,0,,,
DE-Bay,pft9,0,,,
DE-Bay,pft10,0,,,
DE-Bay,pft11,0,,,
DE-Bay,pft12,0,,,
DE-Bay,pft13,22,,,
DE-Bay,pft14,0,,,
DE-Bay,pft15,0,,,
DE-Bay,sand,40,"(Schmid et al., 2006)",https://doi.org/10.1007/s10113-006-0017-x,
DE-Bay,silt,20,,,
DE-Bay,clay,40,,,
DE-Bay,LAI,6.5,"(van Wijk and Bouten et al., 2000)",https://doi.org/10.1029/2000WR900068,
DE-Bay,canopy height,25,"(Ukkola et al., 2022)",https://doi.org/10.5194/essd-14-449-2022,
DE-Bay,reference height,32,"(Foken, 2017)",https://doi.org/10.1007/978-3-319-49389-3,wind speed
DE-Bay,lat,50.1419,,,
DE-Bay,lon,11.8669,,,
DE-Bay,tex_depth,0-100cm,,,
DE-Bay,LAI_year_range,Na,,,
DE-Geb,pft0,0,"(Peter M. Anthoni et al., 2004)",https://doi.org/10.1016/S0168-1923(03)00162-X,
DE-Geb,pft1,0,,,
DE-Geb,pft2,0,,,
DE-Geb,pft3,0,,,
DE-Geb,pft4,0,,,
DE-Geb,pft5,0,,,
DE-Geb,pft6,0,,,
DE-Geb,pft7,0,,,
DE-Geb,pft8,0,,,
DE-Geb,pft9,0,,,
DE-Geb,pft10,0,,,
DE-Geb,pft11,0,,,
DE-Geb,pft12,0,,,
DE-Geb,pft13,0,,,
DE-Geb,pft14,0,,,
DE-Geb,pft15,100,,,
DE-Geb,sand,3.9,"(Lehuger et al., 2010)",https://doi.org/10.1016/j.agee.2010.06.011,
DE-Geb,silt,60.3,,,
DE-Geb,clay,35.8,,,
DE-Geb,LAI,6,"(P. M. Anthoni et al., 2004))",https://doi.org/10.1111/j.1365-2486.2004.00863.x,
DE-Geb,canopy height,0.33,FLUXNET BADM,https://fluxnet.org/,
DE-Geb,reference height,6,"(Peter M. Anthoni et al., 2004)",https://doi.org/10.1016/S0168-1923(03)00162-X,flux(latent heat and sensible heat)
DE-Geb,lat,51.1001,,,
DE-Geb,lon,10.9142,,,
DE-Geb,tex_depth,0-20cm,,,
DE-Geb,LAI_year_range,2001-2002,,,
DE-Gri,pft0,0,"(Hussain et al., 2011)",https://doi.org/10.1016/j.agee.2011.02.013,
DE-Gri,pft1,0,,,
DE-Gri,pft2,0,,,
DE-Gri,pft3,0,,,
DE-Gri,pft4,0,,,
DE-Gri,pft5,0,,,
DE-Gri,pft6,0,,,
DE-Gri,pft7,0,,,
DE-Gri,pft8,0,,,
DE-Gri,pft9,0,,,
DE-Gri,pft10,0,,,
DE-Gri,pft11,0,,,
DE-Gri,pft12,0,,,
DE-Gri,pft13,100,,,
DE-Gri,pft14,0,,,
DE-Gri,pft15,0,,,
DE-Gri,sand,10,"(Hussain et al., 2011)",https://doi.org/10.1016/j.agee.2011.02.013,
DE-Gri,silt,81,,,
DE-Gri,clay,9,,,
DE-Gri,LAI,4.4,"(Hussain et al., 2011)",https://doi.org/10.1016/j.agee.2011.02.013,
DE-Gri,canopy height,0.21,FLUXNET BADM,https://fluxnet.org/,
DE-Gri,reference height,3,"(Hussain et al., 2011)",https://doi.org/10.1016/j.agee.2011.02.013,wind speed
DE-Gri,lat,50.9494,,,
DE-Gri,lon,13.5125,,,
DE-Gri,tex_depth,0-23cm,,,
DE-Gri,LAI_year_range,2004,,,
DE-Hai,pft0,0,"(Knohl et al., 2003)",https://doi.org/10.1016/S0168-1923(03)00115-1,
DE-Hai,pft1,0,,,
DE-Hai,pft2,0,,,
DE-Hai,pft3,0,,,
DE-Hai,pft4,0,,,
DE-Hai,pft5,0,,,
DE-Hai,pft6,0,,,
DE-Hai,pft7,96.5,,,
DE-Hai,pft8,0,,,
DE-Hai,pft9,0,,,
DE-Hai,pft10,0,,,
DE-Hai,pft11,0,,,
DE-Hai,pft12,0,,,
DE-Hai,pft13,3.5,,,
DE-Hai,pft14,0,,,
DE-Hai,pft15,0,,,
DE-Hai,sand,4,"(Knohl et al., 2003)",https://doi.org/10.1016/S0168-1923(03)00115-1,
DE-Hai,silt,56,,,
DE-Hai,clay,40,,,
DE-Hai,LAI,5,"(Knohl et al., 2003)",https://doi.org/10.1016/S0168-1923(03)00115-1,
DE-Hai,canopy height,33.85,FLUXNET BADM,https://fluxnet.org/,
DE-Hai,reference height,42,FLUXNET BADM,https://fluxnet.org/,flux(latent heat and sensible heat)
DE-Hai,lat,51.0791,,,
DE-Hai,lon,10.453,,,
DE-Hai,tex_depth,0-50cm,,,
DE-Hai,LAI_year_range,Na,,,
DE-Kli,pft0,0,"(Prescher et al., 2010)",https://doi.org/10.1016/j.agrformet.2010.03.008,
DE-Kli,pft1,0,,,
DE-Kli,pft2,0,,,
DE-Kli,pft3,0,,,
DE-Kli,pft4,0,,,
DE-Kli,pft5,0,,,
DE-Kli,pft6,0,,,
DE-Kli,pft7,0,,,
DE-Kli,pft8,0,,,
DE-Kli,pft9,0,,,
DE-Kli,pft10,0,,,
DE-Kli,pft11,0,,,
DE-Kli,pft12,0,,,
DE-Kli,pft13,0,,,
DE-Kli,pft14,0,,,
DE-Kli,pft15,100,,,
DE-Kli,sand,32,"(Prescher et al., 2010)",https://doi.org/10.1016/j.agrformet.2010.03.008,
DE-Kli,silt,34,,,
DE-Kli,clay,34,,,
DE-Kli,LAI,5,shijie,Na,
DE-Kli,canopy height,0.44,FLUXNET BADM,https://fluxnet.org/,
DE-Kli,reference height,3.5,"(Prescher et al., 2010)",https://doi.org/10.1016/j.agrformet.2010.03.008,wind speed
DE-Kli,lat,50.893,,,
DE-Kli,lon,13.5223,,,
DE-Kli,tex_depth,0-20cm,,,
DE-Kli,LAI_year_range,2005-2014,,,
DE-Meh,pft0,0,Satellite data. Harper et al.(2022),https://doi.org/10.5194/essd-2022-296,
DE-Meh,pft1,0,,,
DE-Meh,pft2,0,,,
DE-Meh,pft3,0,,,
DE-Meh,pft4,0,,,
DE-Meh,pft5,0,,,
DE-Meh,pft6,0,,,
DE-Meh,pft7,0,,,
DE-Meh,pft8,0,,,
DE-Meh,pft9,0,,,
DE-Meh,pft10,0,,,
DE-Meh,pft11,0,,,
DE-Meh,pft12,0,,,
DE-Meh,pft13,100,,,
DE-Meh,pft14,0,,,
DE-Meh,pft15,0,,,
DE-Meh,sand,2.7,"(Don et al., 2009)",https://doi.org/10.1111/j.1365-2486.2009.01873.x,
DE-Meh,silt,62.6,,,
DE-Meh,clay,34.7,,,
DE-Meh,LAI,4.3,shijie,Na,
DE-Meh,canopy height,1,"(Ukkola et al., 2022)",https://doi.org/10.5194/essd-14-449-2022,
DE-Meh,reference height,3,"(Don et al., 2009)",https://doi.org/10.1111/j.1365-2486.2009.01873.x,wind speed
DE-Meh,lat,51.2753,,,
DE-Meh,lon,10.6554,,,
DE-Meh,tex_depth,0-20cm,,,
DE-Meh,LAI_year_range,2004-2006,,,
DE-Obe,pft0,0,Satellite data. Harper et al.(2022),https://doi.org/10.5194/essd-2022-296,
DE-Obe,pft1,81,,,
DE-Obe,pft2,0,,,
DE-Obe,pft3,0,,,
DE-Obe,pft4,0,,,
DE-Obe,pft5,0,,,
DE-Obe,pft6,0,,,
DE-Obe,pft7,0,,,
DE-Obe,pft8,0,,,
DE-Obe,pft9,0,,,
DE-Obe,pft10,0,,,
DE-Obe,pft11,0,,,
DE-Obe,pft12,0,,,
DE-Obe,pft13,19,,,
DE-Obe,pft14,0,,,
DE-Obe,pft15,0,,,
DE-Obe,sand,52,"(Shangguan et al., 2014)",https://doi.org/10.1002/2013MS000293,
DE-Obe,silt,33,,,
DE-Obe,clay,15,,,
DE-Obe,LAI,5.3,shijie,Na,
DE-Obe,canopy height,19.64,FLUXNET BADM,https://fluxnet.org/,
DE-Obe,reference height,30,FLUXNET BADM,https://fluxnet.org/,flux(latent heat and sensible heat)
DE-Obe,lat,50.7866,,,
DE-Obe,lon,13.7212,,,
DE-Obe,tex_depth,0-4.5cm,,,
DE-Obe,LAI_year_range,2008-2014,,,
DE-Seh,pft0,0,"(Schmidt et al., 2012)",https://doi.org/10.1016/j.agrformet.2012.05.012,
DE-Seh,pft1,0,,,
DE-Seh,pft2,0,,,
DE-Seh,pft3,0,,,
DE-Seh,pft4,0,,,
DE-Seh,pft5,0,,,
DE-Seh,pft6,0,,,
DE-Seh,pft7,0,,,
DE-Seh,pft8,0,,,
DE-Seh,pft9,0,,,
DE-Seh,pft10,0,,,
DE-Seh,pft11,0,,,
DE-Seh,pft12,0,,,
DE-Seh,pft13,0,,,
DE-Seh,pft14,0,,,
DE-Seh,pft15,100,,,
DE-Seh,sand,15,"(Schmidt et al., 2012)",https://doi.org/10.1016/j.agrformet.2012.05.012,
DE-Seh,silt,68,,,
DE-Seh,clay,16,,,
DE-Seh,LAI,5.9,"(Schmidt et al., 2012)",https://doi.org/10.1016/j.agrformet.2012.05.012,
DE-Seh,canopy height,0.45,FLUXNET BADM,https://fluxnet.org/,
DE-Seh,reference height,2,"(Schmidt et al., 2012)",https://doi.org/10.1016/j.agrformet.2012.05.012,wind speed
DE-Seh,lat,50.8706,,,
DE-Seh,lon,6.4496,,,
DE-Seh,tex_depth,0-100cm,,,
DE-Seh,LAI_year_range,2008-2009,,,
DE-SfN,pft0,0,Satellite data. Harper et al.(2022),https://doi.org/10.5194/essd-2022-296,
DE-SfN,pft1,55,,,
DE-SfN,pft2,0,,,
DE-SfN,pft3,0,,,
DE-SfN,pft4,0,,,
DE-SfN,pft5,0,,,
DE-SfN,pft6,0,,,
DE-SfN,pft7,0,,,
DE-SfN,pft8,0,,,
DE-SfN,pft9,0,,,
DE-SfN,pft10,0,,,
DE-SfN,pft11,0,,,
DE-SfN,pft12,0,,,
DE-SfN,pft13,0,,,
DE-SfN,pft14,45,,,
DE-SfN,pft15,0,,,
DE-SfN,sand,72,"(Shangguan et al., 2014)",https://doi.org/10.1002/2013MS000293,
DE-SfN,silt,22,,,
DE-SfN,clay,6,,,
DE-SfN,LAI,2.8,shijie,Na,
DE-SfN,canopy height,2,FLUXNET BADM,https://fluxnet.org/,
DE-SfN,reference height,6,"(Hommeltenberg et al., 2014)",https://doi.org/10.5194/bg-11-3477-2014,wind speed
DE-SfN,lat,47.8063,,,
DE-SfN,lon,11.3275,,,
DE-SfN,tex_depth,0-16.6m,,,
DE-SfN,LAI_year_range,2014,,,
DE-Tha,pft0,0,"Prescher et al., 2010",https://doi.org/10.1016/j.agrformet.2010.03.008,
DE-Tha,pft1,87,,,
DE-Tha,pft2,0,,,
DE-Tha,pft3,10,,,
DE-Tha,pft4,0,,,
DE-Tha,pft5,0,,,
DE-Tha,pft6,0,,,
DE-Tha,pft7,3,,,
DE-Tha,pft8,0,,,
DE-Tha,pft9,0,,,
DE-Tha,pft10,0,,,
DE-Tha,pft11,0,,,
DE-Tha,pft12,0,,,
DE-Tha,pft13,0,,,
DE-Tha,pft14,0,,,
DE-Tha,pft15,0,,,
DE-Tha,sand,17,"Prescher et al., 2010",https://doi.org/10.1016/j.agrformet.2010.03.008,
DE-Tha,silt,71,,,
DE-Tha,clay,12,,,
DE-Tha,LAI,7.1,"(Slevin et al., 2015)",https://doi.org/10.5194/gmd-8-295-2015,
DE-Tha,canopy height,28.35,FLUXNET BADM,https://fluxnet.org/,
DE-Tha,reference height,42,"Prescher et al., 2010",https://doi.org/10.1016/j.agrformet.2010.03.008,wind speed
DE-Tha,lat,50.9636,,,
DE-Tha,lon,13.5669,,,
DE-Tha,tex_depth,6-120cm,,,
DE-Tha,LAI_year_range,Na,,,
DE-Wet,pft0,0,Satellite data. Harper et al.(2022),https://doi.org/10.5194/essd-2022-296,
DE-Wet,pft1,85,,,
DE-Wet,pft2,0,,,
DE-Wet,pft3,0,,,
DE-Wet,pft4,0,,,
DE-Wet,pft5,0,,,
DE-Wet,pft6,0,,,
DE-Wet,pft7,0,,,
DE-Wet,pft8,0,,,
DE-Wet,pft9,0,,,
DE-Wet,pft10,0,,,
DE-Wet,pft11,0,,,
DE-Wet,pft12,0,,,
DE-Wet,pft13,15,,,
DE-Wet,pft14,0,,,
DE-Wet,pft15,0,,,
DE-Wet,sand,36,"(Shangguan et al., 2014)",https://doi.org/10.1002/2013MS000293,
DE-Wet,silt,41,,,
DE-Wet,clay,23,,,
DE-Wet,LAI,4,"(P. M. Anthoni et al., 2004))",https://doi.org/10.1111/j.1365-2486.2004.00863.x,
DE-Wet,canopy height,22,"(Ukkola et al., 2022)",https://doi.org/10.5194/essd-14-449-2022,
DE-Wet,reference height,30,"(P. M. Anthoni et al., 2004))",https://doi.org/10.1111/j.1365-2486.2004.00863.x,flux(latent heat and sensible heat)
DE-Wet,lat,50.4534,,,
DE-Wet,lon,11.4575,,,
DE-Wet,tex_depth,0-4.5cm,,,
DE-Wet,LAI_year_range,Na,,,
DK-Lva,pft0,0,Satellite data. Harper et al.(2022),https://doi.org/10.5194/essd-2022-296,
DK-Lva,pft1,0,,,
DK-Lva,pft2,0,,,
DK-Lva,pft3,0,,,
DK-Lva,pft4,0,,,
DK-Lva,pft5,0,,,
DK-Lva,pft6,0,,,
DK-Lva,pft7,0,,,
DK-Lva,pft8,0,,,
DK-Lva,pft9,0,,,
DK-Lva,pft10,0,,,
DK-Lva,pft11,0,,,
DK-Lva,pft12,0,,,
DK-Lva,pft13,100,,,
DK-Lva,pft14,0,,,
DK-Lva,pft15,0,,,
DK-Lva,sand,58,"(Gilmanov et al., 2007)",https://doi.org/10.1016/j.agee.2006.12.008,
DK-Lva,silt,32,,,
DK-Lva,clay,10,,,
DK-Lva,LAI,6.87,"(Gilmanov et al., 2007)",https://doi.org/10.1016/j.agee.2006.12.008,
DK-Lva,canopy height,0.5,"(Ukkola et al., 2022)",https://doi.org/10.5194/essd-14-449-2022,
DK-Lva,reference height,2.5,"(Gilmanov et al., 2007)",https://doi.org/10.1016/j.agee.2006.12.008,flux(latent heat and sensible heat)
DK-Lva,lat,55.6833,,,
DK-Lva,lon,12.0832,,,
DK-Lva,tex_depth,Na,,,
DK-Lva,LAI_year_range,2004,,,
DK-Sor,pft0,0,"(Pilegaard et al., 2004)",Boreal Env. Res. 8: 315每333. ISSN 1239-6095,
DK-Sor,pft1,20,,,
DK-Sor,pft2,0,,,
DK-Sor,pft3,0,,,
DK-Sor,pft4,0,,,
DK-Sor,pft5,0,,,
DK-Sor,pft6,0,,,
DK-Sor,pft7,80,,,
DK-Sor,pft8,0,,,
DK-Sor,pft9,0,,,
DK-Sor,pft10,0,,,
DK-Sor,pft11,0,,,
DK-Sor,pft12,0,,,
DK-Sor,pft13,0,,,
DK-Sor,pft14,0,,,
DK-Sor,pft15,0,,,
DK-Sor,sand,60,"(Shangguan et al., 2014)",https://doi.org/10.1002/2013MS000293,
DK-Sor,silt,27,,,
DK-Sor,clay,13,,,
DK-Sor,LAI,5,"(Pilegaard et al., 2004)",Boreal Env. Res. 8: 315每333. ISSN 1239-6095,
DK-Sor,canopy height,27.76,FLUXNET BADM,https://fluxnet.org/,
DK-Sor,reference height,57,"(Pilegaard et al., 2004)",Boreal Env. Res. 8: 315每333. ISSN 1239-6095,wind speed
DK-Sor,lat,55.4858,,,
DK-Sor,lon,11.6446,,,
DK-Sor,tex_depth,0-4.5cm,,,
DK-Sor,LAI_year_range,2002,,,
ES-LMa,pft0,0,"(El-Madany et al., 2018)",https://doi.org/10.1016/j.agrformet.2018.07.010,
ES-LMa,pft1,20,,,
ES-LMa,pft2,0,,,
ES-LMa,pft3,0,,,
ES-LMa,pft4,0,,,
ES-LMa,pft5,0,,,
ES-LMa,pft6,0,,,
ES-LMa,pft7,0,,,
ES-LMa,pft8,0,,,
ES-LMa,pft9,0,,,
ES-LMa,pft10,0,,,
ES-LMa,pft11,0,,,
ES-LMa,pft12,0,,,
ES-LMa,pft13,80,,,
ES-LMa,pft14,0,,,
ES-LMa,pft15,0,,,
ES-LMa,sand,80,"(Lopez-Sangil et al., 2011)",https://doi.org/10.1007/s00374-010-0510-8,
ES-LMa,silt,10.7,,,
ES-LMa,clay,9.3,,,
ES-LMa,LAI,2.85,"(El-Madany et al., 2018)",https://doi.org/10.1016/j.agrformet.2018.07.010,
ES-LMa,canopy height,8,"(Ukkola et al., 2022)",https://doi.org/10.5194/essd-14-449-2022,
ES-LMa,reference height,15.5,"(El-Madany et al., 2018)",https://doi.org/10.1016/j.agrformet.2018.07.010,wind speed
ES-LMa,lat,39.9426,,,
ES-LMa,lon,-5.7733,,,
ES-LMa,tex_depth,0-30cm,,,
ES-LMa,LAI_year_range,Na,,,
FI-Hyy,pft0,0,Satellite data. Harper et al.(2022),https://doi.org/10.5194/essd-2022-296,
FI-Hyy,pft1,85,,,
FI-Hyy,pft2,0,,,
FI-Hyy,pft3,0,,,
FI-Hyy,pft4,0,,,
FI-Hyy,pft5,0,,,
FI-Hyy,pft6,0,,,
FI-Hyy,pft7,0,,,
FI-Hyy,pft8,0,,,
FI-Hyy,pft9,0,,,
FI-Hyy,pft10,0,,,
FI-Hyy,pft11,0,,,
FI-Hyy,pft12,0,,,
FI-Hyy,pft13,15,,,
FI-Hyy,pft14,0,,,
FI-Hyy,pft15,0,,,
FI-Hyy,sand,58,"(Suni et al., 2003)",Boreal Env. Res. 8: 287每301. ISSN 1239-6095,
FI-Hyy,silt,32,,,
FI-Hyy,clay,10,,,
FI-Hyy,LAI,3,"(Slevin et al., 2015)",https://doi.org/10.5194/gmd-8-295-2015,
FI-Hyy,canopy height,14.98,FLUXNET BADM,https://fluxnet.org/,
FI-Hyy,reference height,23,"(Vesala et al., 2005)",https://doi.org/10.1029/2004GB002316,wind speed
FI-Hyy,lat,61.8474,,,
FI-Hyy,lon,24.295,,,
FI-Hyy,tex_depth,Na,,,
FI-Hyy,LAI_year_range,Na,,,
FI-Lom,pft0,0,Satellite data. Harper et al.(2022),https://doi.org/10.5194/essd-2022-296,
FI-Lom,pft1,0,,,
FI-Lom,pft2,56,,,
FI-Lom,pft3,0,,,
FI-Lom,pft4,0,,,
FI-Lom,pft5,0,,,
FI-Lom,pft6,0,,,
FI-Lom,pft7,0,,,
FI-Lom,pft8,0,,,
FI-Lom,pft9,0,,,
FI-Lom,pft10,0,,,
FI-Lom,pft11,0,,,
FI-Lom,pft12,44,,,
FI-Lom,pft13,0,,,
FI-Lom,pft14,0,,,
FI-Lom,pft15,0,,,
FI-Lom,sand,63,"(Shangguan et al., 2014)",https://doi.org/10.1002/2013MS000293,
FI-Lom,silt,21,,,
FI-Lom,clay,14,,,
FI-Lom,LAI,1.3,"(Aurela et al.,2015)",Boreal Env. Res. 20: 455每473.,
FI-Lom,canopy height,0.45,FLUXNET BADM,https://fluxnet.org/,
FI-Lom,reference height,13,"(Aurela et al.,2015)",Boreal Env. Res. 20: 455每473.,wind speed
FI-Lom,lat,67.9972,,,
FI-Lom,lon,24.2091,,,
FI-Lom,tex_depth,0-9.1cm,,,
FI-Lom,LAI_year_range,Na,,,
FI-Sod,pft0,0,Satellite data. Harper et al.(2022),https://doi.org/10.5194/essd-2022-296,
FI-Sod,pft1,0,,,
FI-Sod,pft2,47,,,
FI-Sod,pft3,0,,,
FI-Sod,pft4,0,,,
FI-Sod,pft5,0,,,
FI-Sod,pft6,0,,,
FI-Sod,pft7,0,,,
FI-Sod,pft8,0,,,
FI-Sod,pft9,0,,,
FI-Sod,pft10,0,,,
FI-Sod,pft11,0,,,
FI-Sod,pft12,53,,,
FI-Sod,pft13,0,,,
FI-Sod,pft14,0,,,
FI-Sod,pft15,0,,,
FI-Sod,sand,92,"(M?KEL? et al., 2008)",https://doi.org/10.1111/j.1365-2486.2007.01463.x,
FI-Sod,silt,5,,,
FI-Sod,clay,3,,,
FI-Sod,LAI,1.7,"(M?KEL? et al., 2008)",https://doi.org/10.1111/j.1365-2486.2007.01463.x,
FI-Sod,canopy height,13.2,FLUXNET BADM,https://fluxnet.org/,
FI-Sod,reference height,23,"(Thum et al., 2007)",https://doi.org/10.1111/j.1600-0889.2007.00305.x,wind speed
FI-Sod,lat,67.3618,,,
FI-Sod,lon,26.6378,,,
FI-Sod,tex_depth,Na,,,
FI-Sod,LAI_year_range,Na,,,
FR-Gri,pft0,0,"(Lehuger et al., 2010)",https://doi.org/10.1016/j.agee.2010.06.011,
FR-Gri,pft1,0,,,
FR-Gri,pft2,0,,,
FR-Gri,pft3,0,,,
FR-Gri,pft4,0,,,
FR-Gri,pft5,0,,,
FR-Gri,pft6,0,,,
FR-Gri,pft7,0,,,
FR-Gri,pft8,0,,,
FR-Gri,pft9,0,,,
FR-Gri,pft10,0,,,
FR-Gri,pft11,0,,,
FR-Gri,pft12,0,,,
FR-Gri,pft13,0,,,
FR-Gri,pft14,0,,,
FR-Gri,pft15,100,,,
FR-Gri,sand,9.8,"(Lehuger et al., 2010)",https://doi.org/10.1016/j.agee.2010.06.011,
FR-Gri,silt,71.3,,,
FR-Gri,clay,18.9,,,
FR-Gri,LAI,6.5,"(Loubet et al., 2011)",https://doi.org/10.1007/s11104-011-0751-9,
FR-Gri,canopy height,0.61,FLUXNET BADM,https://fluxnet.org/,
FR-Gri,reference height,2,"(Loubet et al., 2011)",https://doi.org/10.1007/s11104-011-0751-9,wind speed
FR-Gri,lat,48.8442,,,
FR-Gri,lon,1.9519,,,
FR-Gri,tex_depth,Na,,,
FR-Gri,LAI_year_range,2004-2009,,,
FR-Hes,pft0,0,"(Granier et al., 2000)",https://doi.org/10.1016/S0168-1923(99)00151-3,
FR-Hes,pft1,0,,,
FR-Hes,pft2,0,,,
FR-Hes,pft3,5,,,
FR-Hes,pft4,0,,,
FR-Hes,pft5,0,,,
FR-Hes,pft6,0,,,
FR-Hes,pft7,95,,,
FR-Hes,pft8,0,,,
FR-Hes,pft9,0,,,
FR-Hes,pft10,0,,,
FR-Hes,pft11,0,,,
FR-Hes,pft12,0,,,
FR-Hes,pft13,0,,,
FR-Hes,pft14,0,,,
FR-Hes,pft15,0,,,
FR-Hes,sand,5,"(Schmid et al., 2006)",https://doi.org/10.1007/s10113-006-0017-x,
FR-Hes,silt,47.5,,,
FR-Hes,clay,47.5,,,
FR-Hes,LAI,5.7,"(Granier et al., 2000)",https://doi.org/10.1016/S0168-1923(99)00151-3,
FR-Hes,canopy height,13,"(Ukkola et al., 2022)",https://doi.org/10.5194/essd-14-449-2022,
FR-Hes,reference height,18,"(Granier et al., 2000)",https://doi.org/10.1016/S0168-1923(99)00151-3,wind speed
FR-Hes,lat,48.6741,,,
FR-Hes,lon,7.0655,,,
FR-Hes,tex_depth,Na,,,
FR-Hes,LAI_year_range,1996-1997,,,
FR-LBr,pft0,0,Satellite data. Harper et al.(2022),https://doi.org/10.5194/essd-2022-296,
FR-LBr,pft1,64,,,
FR-LBr,pft2,0,,,
FR-LBr,pft3,0,,,
FR-LBr,pft4,0,,,
FR-LBr,pft5,0,,,
FR-LBr,pft6,0,,,
FR-LBr,pft7,0,,,
FR-LBr,pft8,0,,,
FR-LBr,pft9,0,,,
FR-LBr,pft10,0,,,
FR-LBr,pft11,0,,,
FR-LBr,pft12,0,,,
FR-LBr,pft13,36,,,
FR-LBr,pft14,0,,,
FR-LBr,pft15,0,,,
FR-LBr,sand,89,"(Shangguan et al., 2014)",https://doi.org/10.1002/2013MS000293,
FR-LBr,silt,10,,,
FR-LBr,clay,3,,,
FR-LBr,LAI,4.2,shijie,Na,
FR-LBr,canopy height,21.35,FLUXNET BADM,https://fluxnet.org/,
FR-LBr,reference height,25,"(Berbigier et al., 2001)",https://doi.org/10.1016/S0168-1923(01)00240-4,wind speed
FR-LBr,lat,44.7171,,,
FR-LBr,lon,-0.7692,,,
FR-LBr,tex_depth,0-4.5cm,,,
FR-LBr,LAI_year_range,2003-2007,,,
FR-Pue,pft0,0,"(Reichstein et al., 2002)",https://doi.org/10.1046/j.0269-8463.2001.00597.x,
FR-Pue,pft1,0,,,
FR-Pue,pft2,0,,,
FR-Pue,pft3,0,,,
FR-Pue,pft4,0,,,
FR-Pue,pft5,90,,,
FR-Pue,pft6,0,,,
FR-Pue,pft7,10,,,
FR-Pue,pft8,0,,,
FR-Pue,pft9,0,,,
FR-Pue,pft10,0,,,
FR-Pue,pft11,0,,,
FR-Pue,pft12,0,,,
FR-Pue,pft13,0,,,
FR-Pue,pft14,0,,,
FR-Pue,pft15,0,,,
FR-Pue,sand,14.1,"(Rambal et al.,2003)",https://doi.org/10.1111/j.1365-2486.2003.00687.x,
FR-Pue,silt,46.3,,,
FR-Pue,clay,39.6,,,
FR-Pue,LAI,3.3,"(Rambal et al.,2003)",https://doi.org/10.1111/j.1365-2486.2003.00687.x,
FR-Pue,canopy height,6.18,FLUXNET BADM,https://fluxnet.org/,
FR-Pue,reference height,12.2,"(Rambal et al.,2003)",https://doi.org/10.1111/j.1365-2486.2003.00687.x,wind speed
FR-Pue,lat,43.7413,,,
FR-Pue,lon,3.5958,,,
FR-Pue,tex_depth,0-50cm,,,
FR-Pue,LAI_year_range,Na,,,
HU-Bug,pft0,0,Satellite data. Harper et al.(2022),https://doi.org/10.5194/essd-2022-296,
HU-Bug,pft1,0,,,
HU-Bug,pft2,0,,,
HU-Bug,pft3,0,,,
HU-Bug,pft4,0,,,
HU-Bug,pft5,0,,,
HU-Bug,pft6,0,,,
HU-Bug,pft7,0,,,
HU-Bug,pft8,0,,,
HU-Bug,pft9,0,,,
HU-Bug,pft10,0,,,
HU-Bug,pft11,0,,,
HU-Bug,pft12,0,,,
HU-Bug,pft13,100,,,
HU-Bug,pft14,0,,,
HU-Bug,pft15,0,,,
HU-Bug,sand,92,"(Nagy et al., 2005)",https://doi.org/10.1556/CRC.33.2005.1.68,
HU-Bug,silt,5,,,
HU-Bug,clay,3,,,
HU-Bug,LAI,1.5,"(Gilmanov et al., 2007)",https://doi.org/10.1016/j.agee.2006.12.008,
HU-Bug,canopy height,1,"(Ukkola et al., 2022)",https://doi.org/10.5194/essd-14-449-2022,
HU-Bug,reference height,4,"(Gilmanov et al., 2007)",https://doi.org/10.1016/j.agee.2006.12.008,flux(latent heat and sensible heat)
HU-Bug,lat,46.6911,,,
HU-Bug,lon,19.6012,,,
HU-Bug,tex_depth,Na,,,
HU-Bug,LAI_year_range,2003,,,
IE-Dri,pft0,0,"(Jaksic et al., 2006)",https://doi.org/10.1016/j.agrformet.2006.07.009,
IE-Dri,pft1,0,,,
IE-Dri,pft2,0,,,
IE-Dri,pft3,0,,,
IE-Dri,pft4,0,,,
IE-Dri,pft5,0,,,
IE-Dri,pft6,0,,,
IE-Dri,pft7,0,,,
IE-Dri,pft8,0,,,
IE-Dri,pft9,0,,,
IE-Dri,pft10,0,,,
IE-Dri,pft11,0,,,
IE-Dri,pft12,0,,,
IE-Dri,pft13,100,,,
IE-Dri,pft14,0,,,
IE-Dri,pft15,0,,,
IE-Dri,sand,39,"(Byrne et al., 2005)", https://doi.org/10.1016/j.agrformet.2005.10.005,
IE-Dri,silt,44,,,
IE-Dri,clay,17,,,
IE-Dri,LAI,4,"(Lawton et al., 2006)",https://doi.org/10.1029/2006JG000160,
IE-Dri,canopy height,0.5,"(Ukkola et al., 2022)",https://doi.org/10.5194/essd-14-449-2022,
IE-Dri,reference height,10,"(Jaksic et al., 2006)",https://doi.org/10.1016/j.agrformet.2006.07.009,wind speed
IE-Dri,lat,51.9866,,,
IE-Dri,lon,-8.7518,,,
IE-Dri,tex_depth,0-20cm,,,
IE-Dri,LAI_year_range,2004,,,
IT-Amp,pft0,0,Satellite data. Harper et al.(2022),https://doi.org/10.5194/essd-2022-296,
IT-Amp,pft1,0,,,
IT-Amp,pft2,0,,,
IT-Amp,pft3,0,,,
IT-Amp,pft4,0,,,
IT-Amp,pft5,0,,,
IT-Amp,pft6,0,,,
IT-Amp,pft7,0,,,
IT-Amp,pft8,0,,,
IT-Amp,pft9,0,,,
IT-Amp,pft10,0,,,
IT-Amp,pft11,0,,,
IT-Amp,pft12,0,,,
IT-Amp,pft13,100,,,
IT-Amp,pft14,0,,,
IT-Amp,pft15,0,,,
IT-Amp,sand,39,"(Shangguan et al., 2014)",https://doi.org/10.1002/2013MS000293,
IT-Amp,silt,44,,,
IT-Amp,clay,16,,,
IT-Amp,LAI,2.3,"(Gilmanov et al., 2007)",https://doi.org/10.1016/j.agee.2006.12.008,
IT-Amp,canopy height,0.5,"(Ukkola et al., 2022)",https://doi.org/10.5194/essd-14-449-2022,
IT-Amp,reference height,4,"(Gilmanov et al., 2007)",https://doi.org/10.1016/j.agee.2006.12.008,flux(latent heat and sensible heat)
IT-Amp,lat,41.904,,,
IT-Amp,lon,13.6051,,,
IT-Amp,tex_depth,0-4.5cm,,,
IT-Amp,LAI_year_range,2004,,,
IT-Cpz,pft0,0,"(Reichstein et al., 2002)",https://doi.org/10.1046/j.0269-8463.2001.00597.x,
IT-Cpz,pft1,0,,,
IT-Cpz,pft2,0,,,
IT-Cpz,pft3,0,,,
IT-Cpz,pft4,0,,,
IT-Cpz,pft5,100,,,
IT-Cpz,pft6,0,,,
IT-Cpz,pft7,0,,,
IT-Cpz,pft8,0,,,
IT-Cpz,pft9,0,,,
IT-Cpz,pft10,0,,,
IT-Cpz,pft11,0,,,
IT-Cpz,pft12,0,,,
IT-Cpz,pft13,0,,,
IT-Cpz,pft14,0,,,
IT-Cpz,pft15,0,,,
IT-Cpz,sand,92,"(Reichstein et al., 2002)",https://doi.org/10.1046/j.0269-8463.2001.00597.x,
IT-Cpz,silt,5,,,
IT-Cpz,clay,3,,,
IT-Cpz,LAI,3.5,"(Reichstein et al., 2002)",https://doi.org/10.1046/j.0269-8463.2001.00597.x,
IT-Cpz,canopy height,14.25,FLUXNET BADM,https://fluxnet.org/,
IT-Cpz,reference height,12.5,"(Reichstein et al., 2002)",https://doi.org/10.1046/j.0269-8463.2001.00597.x,wind speed
IT-Cpz,lat,41.7052,,,
IT-Cpz,lon,12.3761,,,
IT-Cpz,tex_depth,Na,,,
IT-Cpz,LAI_year_range,Na,,,
IT-Isp,pft0,0,Satellite data. Harper et al.(2022),https://doi.org/10.5194/essd-2022-296,
IT-Isp,pft1,0,,,
IT-Isp,pft2,0,,,
IT-Isp,pft3,0,,,
IT-Isp,pft4,0,,,
IT-Isp,pft5,0,,,
IT-Isp,pft6,0,,,
IT-Isp,pft7,72,,,
IT-Isp,pft8,0,,,
IT-Isp,pft9,0,,,
IT-Isp,pft10,0,,,
IT-Isp,pft11,0,,,
IT-Isp,pft12,0,,,
IT-Isp,pft13,14,,,
IT-Isp,pft14,14,,,
IT-Isp,pft15,0,,,
IT-Isp,sand,58,"(Ferr谷a et al., 2012)",https://doi.org/10.1016/j.pedobi.2012.05.001,
IT-Isp,silt,24.5,,,
IT-Isp,clay,17.5,,,
IT-Isp,LAI,5.7,shijie,Na,
IT-Isp,canopy height,26,FLUXNET BADM,https://fluxnet.org/,
IT-Isp,reference height,38,FLUXNET BADM,https://fluxnet.org/,flux(latent heat and sensible heat)
IT-Isp,lat,45.8126,,,
IT-Isp,lon,8.6335,,,
IT-Isp,tex_depth,0-7cm,,,
IT-Isp,LAI_year_range,2013-2014,,,
IT-Lav,pft0,85,"(Marcolla et al., 2003)",https://doi.org/10.1023/A:1023027709805,
IT-Lav,pft1,0,,,
IT-Lav,pft2,0,,,
IT-Lav,pft3,0,,,
IT-Lav,pft4,0,,,
IT-Lav,pft5,0,,,
IT-Lav,pft6,0,,,
IT-Lav,pft7,15,,,
IT-Lav,pft8,0,,,
IT-Lav,pft9,0,,,
IT-Lav,pft10,0,,,
IT-Lav,pft11,0,,,
IT-Lav,pft12,0,,,
IT-Lav,pft13,0,,,
IT-Lav,pft14,0,,,
IT-Lav,pft15,0,,,
IT-Lav,sand,46,"(Shangguan et al., 2014)",https://doi.org/10.1002/2013MS000293,
IT-Lav,silt,38,,,
IT-Lav,clay,16,,,
IT-Lav,LAI,9.6,"(Marcolla et al., 2003)",https://doi.org/10.1023/A:1023027709805,
IT-Lav,canopy height,28,FLUXNET BADM,https://fluxnet.org/,
IT-Lav,reference height,36,"(Marcolla et al., 2003)",https://doi.org/10.1023/A:1023027709805,wind speed
IT-Lav,lat,45.9561,,,
IT-Lav,lon,11.2813,,,
IT-Lav,tex_depth,0-4.5cm,,,
IT-Lav,LAI_year_range,Na,,,
IT-MBo,pft0,0,"(Marcolla et al., 2011)",https://doi.org/10.1016/j.agrformet.2011.04.015,
IT-MBo,pft1,0,,,
IT-MBo,pft2,0,,,
IT-MBo,pft3,0,,,
IT-MBo,pft4,0,,,
IT-MBo,pft5,0,,,
IT-MBo,pft6,0,,,
IT-MBo,pft7,0,,,
IT-MBo,pft8,0,,,
IT-MBo,pft9,0,,,
IT-MBo,pft10,0,,,
IT-MBo,pft11,0,,,
IT-MBo,pft12,0,,,
IT-MBo,pft13,100,,,
IT-MBo,pft14,0,,,
IT-MBo,pft15,0,,,
IT-MBo,sand,46,"(Shangguan et al., 2014)",https://doi.org/10.1002/2013MS000293,
IT-MBo,silt,38,,,
IT-MBo,clay,16,,,
IT-MBo,LAI,2.8,"(Gilmanov et al., 2007)",https://doi.org/10.1016/j.agee.2006.12.008,
IT-MBo,canopy height,0.3,FLUXNET BADM,https://fluxnet.org/,
IT-MBo,reference height,2.5,"(Marcolla et al., 2011)",https://doi.org/10.1016/j.agrformet.2011.04.015,wind speed
IT-MBo,lat,46.0146,,,
IT-MBo,lon,11.0458,,,
IT-MBo,tex_depth,0-4.5cm,,,
IT-MBo,LAI_year_range,2004,,,
IT-Noe,pft0,2,"Morillas et al., 2017)",https://doi.org/10.1016/j.geoderma.2016.11.012,
IT-Noe,pft1,0,,,
IT-Noe,pft2,0,,,
IT-Noe,pft3,0,,,
IT-Noe,pft4,0,,,
IT-Noe,pft5,0,,,
IT-Noe,pft6,0,,,
IT-Noe,pft7,0,,,
IT-Noe,pft8,0,,,
IT-Noe,pft9,80,,,
IT-Noe,pft10,0,,,
IT-Noe,pft11,0,,,
IT-Noe,pft12,0,,,
IT-Noe,pft13,18,,,
IT-Noe,pft14,0,,,
IT-Noe,pft15,0,,,
IT-Noe,sand,17.5,"Morillas et al., 2017)",https://doi.org/10.1016/j.geoderma.2016.11.012,
IT-Noe,silt,25,,,
IT-Noe,clay,57.5,,,
IT-Noe,LAI,3,"Morillas et al., 2017)",https://doi.org/10.1016/j.geoderma.2016.11.012,
IT-Noe,canopy height,1.05,FLUXNET BADM,https://fluxnet.org/,
IT-Noe,reference height,2,"(Marras et al., 2011)",https://doi.org/10.1016/j.agrformet.2011.02.004,wind speed
IT-Noe,lat,40.6061,,,
IT-Noe,lon,8.1516,,,
IT-Noe,tex_depth,Na,,,
IT-Noe,LAI_year_range,Na,,,
IT-PT1,pft0,0,Satellite data. Harper et al.(2022),https://doi.org/10.5194/essd-2022-296,
IT-PT1,pft1,0,,,
IT-PT1,pft2,0,,,
IT-PT1,pft3,0,,,
IT-PT1,pft4,0,,,
IT-PT1,pft5,0,,,
IT-PT1,pft6,0,,,
IT-PT1,pft7,34,,,
IT-PT1,pft8,0,,,
IT-PT1,pft9,0,,,
IT-PT1,pft10,0,,,
IT-PT1,pft11,0,,,
IT-PT1,pft12,0,,,
IT-PT1,pft13,33,,,
IT-PT1,pft14,33,,,
IT-PT1,pft15,0,,,
IT-PT1,sand,60.4,"(Migliavacca et al., 2009)",https://doi.org/10.3390/s90200922,
IT-PT1,silt,30,,,
IT-PT1,clay,9.6,,,
IT-PT1,LAI,2.02,"(Migliavacca et al., 2009)",https://doi.org/10.3390/s90200922,
IT-PT1,canopy height,26.6,FLUXNET BADM,https://fluxnet.org/,
IT-PT1,reference height,33,"(Migliavacca et al., 2009)",https://doi.org/10.3390/s90200922,wind speed
IT-PT1,lat,45.2008,,,
IT-PT1,lon,9.061,,,
IT-PT1,tex_depth,Na,,,
IT-PT1,LAI_year_range,2005,,,
IT-Ren,pft0,0,"(Montagnani et al., 2009)",https://doi.org/10.1029/2008JD010650,
IT-Ren,pft1,0,,,
IT-Ren,pft2,82.5,,,
IT-Ren,pft3,2.5,,,
IT-Ren,pft4,0,,,
IT-Ren,pft5,0,,,
IT-Ren,pft6,0,,,
IT-Ren,pft7,0,,,
IT-Ren,pft8,0,,,
IT-Ren,pft9,0,,,
IT-Ren,pft10,0,,,
IT-Ren,pft11,0,,,
IT-Ren,pft12,0,,,
IT-Ren,pft13,15,,,
IT-Ren,pft14,0,,,
IT-Ren,pft15,0,,,
IT-Ren,sand,82,"(Shangguan et al., 2014)",https://doi.org/10.1002/2013MS000293,
IT-Ren,silt,11,,,
IT-Ren,clay,6,,,
IT-Ren,LAI,5.1,"(Montagnani et al., 2009)",https://doi.org/10.1029/2008JD010650,
IT-Ren,canopy height,29,FLUXNET BADM,https://fluxnet.org/,
IT-Ren,reference height,32,"(Montagnani et al., 2009)",https://doi.org/10.1029/2008JD010650,wind speed
IT-Ren,lat,46.5868,,,
IT-Ren,lon,11.4336,,,
IT-Ren,tex_depth,0-4.5cm,,,
IT-Ren,LAI_year_range,Na,,,
IT-SR2,pft0,0,"(Chiesi et al., 2005)",https://doi.org/10.1016/j.agrformet.2005.09.011,
IT-SR2,pft1,96,,,
IT-SR2,pft2,0,,,
IT-SR2,pft3,0,,,
IT-SR2,pft4,0,,,
IT-SR2,pft5,4,,,
IT-SR2,pft6,0,,,
IT-SR2,pft7,0,,,
IT-SR2,pft8,0,,,
IT-SR2,pft9,0,,,
IT-SR2,pft10,0,,,
IT-SR2,pft11,0,,,
IT-SR2,pft12,0,,,
IT-SR2,pft13,0,,,
IT-SR2,pft14,0,,,
IT-SR2,pft15,0,,,
IT-SR2,sand,92,"(Chiesi et al., 2005)",https://doi.org/10.1016/j.agrformet.2005.09.011,
IT-SR2,silt,5,,,
IT-SR2,clay,3,,,
IT-SR2,LAI,4.2,"(Chiesi et al., 2005)",https://doi.org/10.1016/j.agrformet.2005.09.011,
IT-SR2,canopy height,19,FLUXNET BADM,https://fluxnet.org/,
IT-SR2,reference height,22.5,FLUXNET BADM,https://fluxnet.org/,flux(latent heat and sensible heat)
IT-SR2,lat,43.732,,,
IT-SR2,lon,10.2909,,,
IT-SR2,tex_depth,Na,,,
IT-SR2,LAI_year_range,Na,,,
IT-SRo,pft0,0,"(Chiesi et al., 2005)",https://doi.org/10.1016/j.agrformet.2005.09.011,
IT-SRo,pft1,96,,,
IT-SRo,pft2,0,,,
IT-SRo,pft3,0,,,
IT-SRo,pft4,0,,,
IT-SRo,pft5,4,,,
IT-SRo,pft6,0,,,
IT-SRo,pft7,0,,,
IT-SRo,pft8,0,,,
IT-SRo,pft9,0,,,
IT-SRo,pft10,0,,,
IT-SRo,pft11,0,,,
IT-SRo,pft12,0,,,
IT-SRo,pft13,0,,,
IT-SRo,pft14,0,,,
IT-SRo,pft15,0,,,
IT-SRo,sand,92,"(Chiesi et al., 2005)",https://doi.org/10.1016/j.agrformet.2005.09.011,
IT-SRo,silt,5,,,
IT-SRo,clay,3,,,
IT-SRo,LAI,4.2,"(Chiesi et al., 2005)",https://doi.org/10.1016/j.agrformet.2005.09.011,
IT-SRo,canopy height,18.7,FLUXNET BADM,https://fluxnet.org/,
IT-SRo,reference height,24.3,FLUXNET BADM,https://fluxnet.org/,flux(latent heat and sensible heat)
IT-SRo,lat,43.7278,,,
IT-SRo,lon,10.2844,,,
IT-SRo,tex_depth,Na,,,
IT-SRo,LAI_year_range,Na,,,
NL-Ca1,pft0,0,Satellite data. Harper et al.(2022),https://doi.org/10.5194/essd-2022-296,
NL-Ca1,pft1,0,,,
NL-Ca1,pft2,0,,,
NL-Ca1,pft3,0,,,
NL-Ca1,pft4,0,,,
NL-Ca1,pft5,0,,,
NL-Ca1,pft6,0,,,
NL-Ca1,pft7,0,,,
NL-Ca1,pft8,0,,,
NL-Ca1,pft9,0,,,
NL-Ca1,pft10,0,,,
NL-Ca1,pft11,0,,,
NL-Ca1,pft12,0,,,
NL-Ca1,pft13,100,,,
NL-Ca1,pft14,0,,,
NL-Ca1,pft15,0,,,
NL-Ca1,sand,22,"(Jacobs et al., 2007)",https://doi.org/10.5194/bg-4-803-2007,
NL-Ca1,silt,20,,,
NL-Ca1,clay,58,,,
NL-Ca1,LAI,3,"(Jacobs et al., 2007)",https://doi.org/10.5194/bg-4-803-2007,
NL-Ca1,canopy height,0.5,"(Ukkola et al., 2022)",https://doi.org/10.5194/essd-14-449-2022,
NL-Ca1,reference height,20,"(Beljaars and Bosveld, 1997)",https://doi.org/10.1175/1520-0442(1997)010<1172:CDFTVO>2.0.CO;2,wind speed
NL-Ca1,lat,51.971,,,
NL-Ca1,lon,4.927,,,
NL-Ca1,tex_depth,0-70cm,,,
NL-Ca1,LAI_year_range,Na,,,
NL-Loo,pft0,0,FLUXNET BADM,https://fluxnet.org/,
NL-Loo,pft1,93.6,,,
NL-Loo,pft2,0,,,
NL-Loo,pft3,0,,,
NL-Loo,pft4,0,,,
NL-Loo,pft5,0,,,
NL-Loo,pft6,0,,,
NL-Loo,pft7,2.9,,,
NL-Loo,pft8,0,,,
NL-Loo,pft9,0,,,
NL-Loo,pft10,0,,,
NL-Loo,pft11,0,,,
NL-Loo,pft12,0,,,
NL-Loo,pft13,3.5,,,
NL-Loo,pft14,0,,,
NL-Loo,pft15,0,,,
NL-Loo,sand,96,"(Moors et al., 2012)",Water use of forests in the Netherlands (No. 41). Vrije Universiteit.,
NL-Loo,silt,1,,,
NL-Loo,clay,2,,,
NL-Loo,LAI,3.4,"(Moors et al., 2012)",Water use of forests in the Netherlands (No. 41). Vrije Universiteit.,
NL-Loo,canopy height,16.99,FLUXNET BADM,https://fluxnet.org/,
NL-Loo,reference height,24.4,"(Moors et al., 2012)",Water use of forests in the Netherlands (No. 41). Vrije Universiteit.,wind speed
NL-Loo,lat,52.1665,,,
NL-Loo,lon,5.7435,,,
NL-Loo,tex_depth,0-20cm,,,
NL-Loo,LAI_year_range,1996-1998,,,
PL-wet,pft0,0,Satellite data. Harper et al.(2022),https://doi.org/10.5194/essd-2022-296,
PL-wet,pft1,15,,,
PL-wet,pft2,0,,,
PL-wet,pft3,0,,,
PL-wet,pft4,0,,,
PL-wet,pft5,0,,,
PL-wet,pft6,0,,,
PL-wet,pft7,0,,,
PL-wet,pft8,0,,,
PL-wet,pft9,40,,,
PL-wet,pft10,0,,,
PL-wet,pft11,0,,,
PL-wet,pft12,0,,,
PL-wet,pft13,45,,,
PL-wet,pft14,0,,,
PL-wet,pft15,0,,,
PL-wet,sand,84,"(Shangguan et al., 2014)",https://doi.org/10.1002/2013MS000293,
PL-wet,silt,12,,,
PL-wet,clay,8,,,
PL-wet,LAI,2.3,"(Lund et al., 2009)",https://doi.org/10.1111/j.1365-2486.2009.02104.x,
PL-wet,canopy height,1,"(Ukkola et al., 2022)",https://doi.org/10.5194/essd-14-449-2022,
PL-wet,reference height,2.5,"(Kowalska et al., 2013)",https://doi.org/10.2478/v10247-012-0096-5,flux(latent heat and sensible heat)
PL-wet,lat,52.7621,,,
PL-wet,lon,16.3094,,,
PL-wet,tex_depth,0-4.5cm,,,
PL-wet,LAI_year_range,Na,,,
PT-Mi2,pft0,0,"(Pereira et al., 2007)",https://doi.org/10.5194/bg-4-791-2007,
PT-Mi2,pft1,0,,,
PT-Mi2,pft2,0,,,
PT-Mi2,pft3,0,,,
PT-Mi2,pft4,0,,,
PT-Mi2,pft5,0,,,
PT-Mi2,pft6,0,,,
PT-Mi2,pft7,0,,,
PT-Mi2,pft8,0,,,
PT-Mi2,pft9,0,,,
PT-Mi2,pft10,0,,,
PT-Mi2,pft11,0,,,
PT-Mi2,pft12,0,,,
PT-Mi2,pft13,100,,,
PT-Mi2,pft14,0,,,
PT-Mi2,pft15,0,,,
PT-Mi2,sand,84,"(Shangguan et al., 2014)",https://doi.org/10.1002/2013MS000293,
PT-Mi2,silt,11,,,
PT-Mi2,clay,6,,,
PT-Mi2,LAI,2.5,"(Pereira et al., 2007)",https://doi.org/10.5194/bg-4-791-2007,
PT-Mi2,canopy height,0.1,"(Ukkola et al., 2022)",https://doi.org/10.5194/essd-14-449-2022,
PT-Mi2,reference height,2.5,"(Pereira et al., 2007)",https://doi.org/10.5194/bg-4-791-2007,flux(latent heat and sensible heat)
PT-Mi2,lat,38.4765,,,
PT-Mi2,lon,-8.0245,,,
PT-Mi2,tex_depth,0-4.5cm,,,
PT-Mi2,LAI_year_range,2005-2006,,,
RU-Fyo,pft0,0,"(Milyukova et al., 2002)",https://doi.org/10.3402/tellusb.v54i5.16679,
RU-Fyo,pft1,86,,,
RU-Fyo,pft2,0,,,
RU-Fyo,pft3,0,,,
RU-Fyo,pft4,0,,,
RU-Fyo,pft5,0,,,
RU-Fyo,pft6,0,,,
RU-Fyo,pft7,14,,,
RU-Fyo,pft8,0,,,
RU-Fyo,pft9,0,,,
RU-Fyo,pft10,0,,,
RU-Fyo,pft11,0,,,
RU-Fyo,pft12,0,,,
RU-Fyo,pft13,0,,,
RU-Fyo,pft14,0,,,
RU-Fyo,pft15,0,,,
RU-Fyo,sand,22,"(Schulze et al., 1999)",https://doi.org/10.1046/j.1365-2486.1999.00266.x,
RU-Fyo,silt,20,,,
RU-Fyo,clay,58,,,
RU-Fyo,LAI,3.5,"(Milyukova et al., 2002)",https://doi.org/10.3402/tellusb.v54i5.16679,
RU-Fyo,canopy height,26.27,FLUXNET BADM,https://fluxnet.org/,
RU-Fyo,reference height,29,"(Kurbatova et al., 2008)",https://doi.org/10.5194/bg-5-969-2008,wind speed
RU-Fyo,lat,56.4615,,,
RU-Fyo,lon,32.922,,,
RU-Fyo,tex_depth,Na,,,
RU-Fyo,LAI_year_range,Na,,,
SD-Dem,pft0,0,"(Ard? et al., 2008)",https://doi.org/10.1186/1750-0680-3-7,
SD-Dem,pft1,0,,,
SD-Dem,pft2,0,,,
SD-Dem,pft3,0,,,
SD-Dem,pft4,10,,,
SD-Dem,pft5,0,,,
SD-Dem,pft6,0,,,
SD-Dem,pft7,0,,,
SD-Dem,pft8,0,,,
SD-Dem,pft9,0,,,
SD-Dem,pft10,0,,,
SD-Dem,pft11,0,,,
SD-Dem,pft12,0,,,
SD-Dem,pft13,27,,,
SD-Dem,pft14,63,,,
SD-Dem,pft15,0,,,
SD-Dem,sand,96.5,"(Ard? et al., 2008)",https://doi.org/10.1186/1750-0680-3-7,
SD-Dem,silt,3.5,,,
SD-Dem,clay,0,,,
SD-Dem,LAI,0.9,shijie,Na,
SD-Dem,canopy height,5,FLUXNET BADM,https://fluxnet.org/,
SD-Dem,reference height,9,"(Ard? et al., 2008)",https://doi.org/10.1186/1750-0680-3-7,flux(latent heat and sensible heat)
SD-Dem,lat,13.2828,,,
SD-Dem,lon,30.4783,,,
SD-Dem,tex_depth,Na,,,
SD-Dem,LAI_year_range,2009,,,
US-AR1,pft0,0,Satellite data. Harper et al.(2022),https://doi.org/10.5194/essd-2022-296,
US-AR1,pft1,0,,,
US-AR1,pft2,0,,,
US-AR1,pft3,0,,,
US-AR1,pft4,0,,,
US-AR1,pft5,0,,,
US-AR1,pft6,0,,,
US-AR1,pft7,0,,,
US-AR1,pft8,0,,,
US-AR1,pft9,0,,,
US-AR1,pft10,0,,,
US-AR1,pft11,0,,,
US-AR1,pft12,0,,,
US-AR1,pft13,50,,,
US-AR1,pft14,50,,,
US-AR1,pft15,0,,,
US-AR1,sand,43,"(Raz-Yaseef et al., 2015)",https://doi.org/10.1016/j.agee.2015.07.021,
US-AR1,silt,39,,,
US-AR1,clay,18,,,
US-AR1,LAI,1.6,shijie,Na,
US-AR1,canopy height,0.5,FLUXNET BADM,https://fluxnet.org/,
US-AR1,reference height,2.84,AmeriFlux,https://ameriflux.lbl.gov/,wind speed
US-AR1,lat,36.4267,,,
US-AR1,lon,-99.4199,,,
US-AR1,tex_depth,Na,,,
US-AR1,LAI_year_range,2010-2011,,,
US-AR2,pft0,0,Satellite data. Harper et al.(2022),https://doi.org/10.5194/essd-2022-296,
US-AR2,pft1,0,,,
US-AR2,pft2,0,,,
US-AR2,pft3,0,,,
US-AR2,pft4,0,,,
US-AR2,pft5,0,,,
US-AR2,pft6,0,,,
US-AR2,pft7,0,,,
US-AR2,pft8,0,,,
US-AR2,pft9,0,,,
US-AR2,pft10,0,,,
US-AR2,pft11,0,,,
US-AR2,pft12,0,,,
US-AR2,pft13,50,,,
US-AR2,pft14,50,,,
US-AR2,pft15,0,,,
US-AR2,sand,43,"(Raz-Yaseef et al., 2015)",https://doi.org/10.1016/j.agee.2015.07.021,
US-AR2,silt,39,,,
US-AR2,clay,18,,,
US-AR2,LAI,1.1,shijie,Na,
US-AR2,canopy height,0.25,FLUXNET BADM,https://fluxnet.org/,
US-AR2,reference height,2.95,AmeriFlux,https://ameriflux.lbl.gov/,wind speed
US-AR2,lat,36.6357,,,
US-AR2,lon,-99.5975,,,
US-AR2,tex_depth,Na,,,
US-AR2,LAI_year_range,2010-2011,,,
US-ARM,pft0,0,site picture,https://ameriflux.lbl.gov/,
US-ARM,pft1,0,,,
US-ARM,pft2,0,,,
US-ARM,pft3,0,,,
US-ARM,pft4,0,,,
US-ARM,pft5,0,,,
US-ARM,pft6,0,,,
US-ARM,pft7,0,,,
US-ARM,pft8,0,,,
US-ARM,pft9,0,,,
US-ARM,pft10,0,,,
US-ARM,pft11,0,,,
US-ARM,pft12,0,,,
US-ARM,pft13,0,,,
US-ARM,pft14,0,,,
US-ARM,pft15,100,,,
US-ARM,sand,28,AmeriFlux,https://ameriflux.lbl.gov/,
US-ARM,silt,29,,,
US-ARM,clay,43,,,
US-ARM,LAI,3.1,"(Fischer et al., 2007)",https://doi.org/10.1175/EI231.1,
US-ARM,canopy height,0.21,FLUXNET BADM,https://fluxnet.org/,
US-ARM,reference height,4.65,AmeriFlux,https://ameriflux.lbl.gov/,wind speed
US-ARM,lat,36.6058,,,
US-ARM,lon,-97.4888,,,
US-ARM,tex_depth,0-25cm,,,
US-ARM,LAI_year_range,2003,,,
US-Aud,pft0,25,"(Krishnan et al., 2012)",https://doi.org/10.1016/j.agrformet.2011.09.017,
US-Aud,pft1,0,,,
US-Aud,pft2,0,,,
US-Aud,pft3,0,,,
US-Aud,pft4,0,,,
US-Aud,pft5,0,,,
US-Aud,pft6,0,,,
US-Aud,pft7,0,,,
US-Aud,pft8,0,,,
US-Aud,pft9,0,,,
US-Aud,pft10,10,,,
US-Aud,pft11,0,,,
US-Aud,pft12,0,,,
US-Aud,pft13,32.5,,,
US-Aud,pft14,32.5,,,
US-Aud,pft15,0,,,
US-Aud,sand,58,"(Krishnan et al., 2012)",https://doi.org/10.1016/j.agrformet.2011.09.017,
US-Aud,silt,15,,,
US-Aud,clay,27,,,
US-Aud,LAI,2.5,"(Krishnan et al., 2012)",https://doi.org/10.1016/j.agrformet.2011.09.017,
US-Aud,canopy height,0.5,"(Ukkola et al., 2022)",https://doi.org/10.5194/essd-14-449-2022,
US-Aud,reference height,4,AmeriFlux,https://ameriflux.lbl.gov/,wind speed
US-Aud,lat,31.5907,,,
US-Aud,lon,-110.5092,,,
US-Aud,tex_depth,Na,,,
US-Aud,LAI_year_range,Na,,,
US-Bkg,pft0,0,Satellite data. Harper et al.(2022),https://doi.org/10.5194/essd-2022-296,
US-Bkg,pft1,0,,,
US-Bkg,pft2,0,,,
US-Bkg,pft3,0,,,
US-Bkg,pft4,0,,,
US-Bkg,pft5,0,,,
US-Bkg,pft6,0,,,
US-Bkg,pft7,0,,,
US-Bkg,pft8,0,,,
US-Bkg,pft9,0,,,
US-Bkg,pft10,0,,,
US-Bkg,pft11,0,,,
US-Bkg,pft12,0,,,
US-Bkg,pft13,100,,,
US-Bkg,pft14,0,,,
US-Bkg,pft15,0,,,
US-Bkg,sand,19,"(Shangguan et al., 2014)",https://doi.org/10.1002/2013MS000293,
US-Bkg,silt,57,,,
US-Bkg,clay,24,,,
US-Bkg,LAI,3,"(Hollinger et al., 2010)",https://doi.org/10.1111/j.1365-2486.2009.02028.x,
US-Bkg,canopy height,1,"(Ukkola et al., 2022)",https://doi.org/10.5194/essd-14-449-2022,
US-Bkg,reference height,4,AmeriFlux,https://ameriflux.lbl.gov/,wind speed
US-Bkg,lat,44.3452,,,
US-Bkg,lon,-96.8361,,,
US-Bkg,tex_depth,0-9.1cm,,,
US-Bkg,LAI_year_range,Na,,,
US-Bo1,pft0,0,site picture,https://ameriflux.lbl.gov/,
US-Bo1,pft1,0,,,
US-Bo1,pft2,0,,,
US-Bo1,pft3,0,,,
US-Bo1,pft4,0,,,
US-Bo1,pft5,0,,,
US-Bo1,pft6,0,,,
US-Bo1,pft7,0,,,
US-Bo1,pft8,0,,,
US-Bo1,pft9,0,,,
US-Bo1,pft10,0,,,
US-Bo1,pft11,0,,,
US-Bo1,pft12,0,,,
US-Bo1,pft13,0,,,
US-Bo1,pft14,0,,,
US-Bo1,pft15,100,,,
US-Bo1,sand,10,"(Meyers, 2004)",https://doi.org/10.1016/j.agrformet.2004.03.001,
US-Bo1,silt,85,,,
US-Bo1,clay,5,,,
US-Bo1,LAI,5.5,"(Meyers, 2004)",https://doi.org/10.1016/j.agrformet.2004.03.001,
US-Bo1,canopy height,3,"(Ukkola et al., 2022)",https://doi.org/10.5194/essd-14-449-2022,
US-Bo1,reference height,10,AmeriFlux,https://ameriflux.lbl.gov/,wind speed
US-Bo1,lat,40.0061,,,
US-Bo1,lon,-88.2903,,,
US-Bo1,tex_depth,Na,,,
US-Bo1,LAI_year_range,1999-2000,,,
US-Cop,pft0,38,FLUXNET BADM,https://fluxnet.org/,
US-Cop,pft1,0,,,
US-Cop,pft2,0,,,
US-Cop,pft3,0,,,
US-Cop,pft4,0,,,
US-Cop,pft5,0,,,
US-Cop,pft6,0,,,
US-Cop,pft7,0,,,
US-Cop,pft8,0,,,
US-Cop,pft9,0,,,
US-Cop,pft10,0,,,
US-Cop,pft11,0,,,
US-Cop,pft12,0,,,
US-Cop,pft13,31,,,
US-Cop,pft14,31,,,
US-Cop,pft15,0,,,
US-Cop,sand,58,AmeriFlux,https://ameriflux.lbl.gov/,
US-Cop,silt,32,,,
US-Cop,clay,10,,,
US-Cop,LAI,0.3,shijie,Na,
US-Cop,canopy height,0.5,FLUXNET BADM,https://fluxnet.org/,
US-Cop,reference height,3,AmeriFlux,https://ameriflux.lbl.gov/,wind speed
US-Cop,lat,38.09,,,
US-Cop,lon,-109.3899,,,
US-Cop,tex_depth,Na,,,
US-Cop,LAI_year_range,2002-2003,,,
US-FPe,pft0,0,site picture,https://gml.noaa.gov/grad/surfrad/ftpeck.html,
US-FPe,pft1,0,,,
US-FPe,pft2,0,,,
US-FPe,pft3,0,,,
US-FPe,pft4,0,,,
US-FPe,pft5,0,,,
US-FPe,pft6,0,,,
US-FPe,pft7,0,,,
US-FPe,pft8,0,,,
US-FPe,pft9,0,,,
US-FPe,pft10,0,,,
US-FPe,pft11,0,,,
US-FPe,pft12,0,,,
US-FPe,pft13,100,,,
US-FPe,pft14,0,,,
US-FPe,pft15,0,,,
US-FPe,sand,58,"(Gilmanov et al., 2005)",https://doi.org/10.1111/j.1466-822X.2005.00151.x,
US-FPe,silt,32,,,
US-FPe,clay,10,,,
US-FPe,LAI,2,"(Slevin et al., 2015)",https://doi.org/10.5194/gmd-8-295-2015,
US-FPe,canopy height,0.3,"(Ukkola et al., 2022)",https://doi.org/10.5194/essd-14-449-2022,
US-FPe,reference height,3.5,AmeriFlux,https://ameriflux.lbl.gov/,wind speed
US-FPe,lat,48.3077,,,
US-FPe,lon,-105.1018,,,
US-FPe,tex_depth,Na,,,
US-FPe,LAI_year_range,Na,,,
US-GLE,pft0,0,Satellite data. Harper et al.(2022),https://doi.org/10.5194/essd-2022-296,
US-GLE,pft1,0,,,
US-GLE,pft2,47,,,
US-GLE,pft3,0,,,
US-GLE,pft4,0,,,
US-GLE,pft5,0,,,
US-GLE,pft6,0,,,
US-GLE,pft7,0,,,
US-GLE,pft8,0,,,
US-GLE,pft9,0,,,
US-GLE,pft10,0,,,
US-GLE,pft11,0,,,
US-GLE,pft12,53,,,
US-GLE,pft13,0,,,
US-GLE,pft14,0,,,
US-GLE,pft15,0,,,
US-GLE,sand,64,"(Shangguan et al., 2014)",https://doi.org/10.1002/2013MS000293,
US-GLE,silt,23,,,
US-GLE,clay,13,,,
US-GLE,LAI,4.5,"(Chu et al., 2018)",https://doi.org/10.1029/2018GL079306,
US-GLE,canopy height,11.55,FLUXNET BADM,https://fluxnet.org/,
US-GLE,reference height,25.8,AmeriFlux,https://ameriflux.lbl.gov/,wind speed
US-GLE,lat,41.3665,,,
US-GLE,lon,-106.2398,,,
US-GLE,tex_depth,0-9.1cm,,,
US-GLE,LAI_year_range,Na,,,
US-Goo,pft0,0,Satellite data. Harper et al.(2022),https://doi.org/10.5194/essd-2022-296,
US-Goo,pft1,0,,,
US-Goo,pft2,0,,,
US-Goo,pft3,0,,,
US-Goo,pft4,0,,,
US-Goo,pft5,0,,,
US-Goo,pft6,0,,,
US-Goo,pft7,0,,,
US-Goo,pft8,0,,,
US-Goo,pft9,0,,,
US-Goo,pft10,0,,,
US-Goo,pft11,0,,,
US-Goo,pft12,0,,,
US-Goo,pft13,50,,,
US-Goo,pft14,50,,,
US-Goo,pft15,0,,,
US-Goo,sand,36,"(Shangguan et al., 2014)",https://doi.org/10.1002/2013MS000293,
US-Goo,silt,33,,,
US-Goo,clay,30,,,
US-Goo,LAI,2,"(Hollinger et al., 2010)",https://doi.org/10.1111/j.1365-2486.2009.02028.x,
US-Goo,canopy height,0.35,FLUXNET BADM,https://fluxnet.org/,
US-Goo,reference height,4,AmeriFlux,https://ameriflux.lbl.gov/,wind speed
US-Goo,lat,34.2546,,,
US-Goo,lon,-89.8734,,,
US-Goo,tex_depth,0-4.5cm,,,
US-Goo,LAI_year_range,Na,,,
US-Ho1,pft0,0,"(Hollinger et al., 1999);AmeriFlux",https://doi.org/10.1046/j.1365-2486.1999.00281.x;https://ameriflux.lbl.gov/,
US-Ho1,pft1,89,,,
US-Ho1,pft2,0,,,
US-Ho1,pft3,0,,,
US-Ho1,pft4,0,,,
US-Ho1,pft5,0,,,
US-Ho1,pft6,0,,,
US-Ho1,pft7,11,,,
US-Ho1,pft8,0,,,
US-Ho1,pft9,0,,,
US-Ho1,pft10,0,,,
US-Ho1,pft11,0,,,
US-Ho1,pft12,0,,,
US-Ho1,pft13,0,,,
US-Ho1,pft14,0,,,
US-Ho1,pft15,0,,,
US-Ho1,sand,58,"(Matheny et al., 2014)",https://doi.org/10.1002/2014JG002623,
US-Ho1,silt,32,,,
US-Ho1,clay,10,,,
US-Ho1,LAI,5.8,AmeriFlux,https://ameriflux.lbl.gov/,
US-Ho1,canopy height,20,"(Ukkola et al., 2022)",https://doi.org/10.5194/essd-14-449-2022,
US-Ho1,reference height,30,AmeriFlux,https://ameriflux.lbl.gov/,wind speed
US-Ho1,lat,45.2041,,,
US-Ho1,lon,-68.7401,,,
US-Ho1,tex_depth,Na,,,
US-Ho1,LAI_year_range,2006,,,
US-KS2,pft0,0,Satellite data. Harper et al.(2022),https://doi.org/10.5194/essd-2022-296,
US-KS2,pft1,50,,,
US-KS2,pft2,0,,,
US-KS2,pft3,0,,,
US-KS2,pft4,0,,,
US-KS2,pft5,0,,,
US-KS2,pft6,0,,,
US-KS2,pft7,0,,,
US-KS2,pft8,0,,,
US-KS2,pft9,0,,,
US-KS2,pft10,0,,,
US-KS2,pft11,0,,,
US-KS2,pft12,0,,,
US-KS2,pft13,25,,,
US-KS2,pft14,25,,,
US-KS2,pft15,0,,,
US-KS2,sand,92,"(Bracho et al., 2008)",https://doi.org/10.1029/2007JG000469,
US-KS2,silt,5,,,
US-KS2,clay,3,,,
US-KS2,LAI,2.7,"(Powell et al., 2006)",https://doi.org/10.1016/j.agrformet.2006.09.002,
US-KS2,canopy height,1.5,FLUXNET BADM,https://fluxnet.org/,
US-KS2,reference height,3.5,AmeriFlux,https://ameriflux.lbl.gov/,wind speed
US-KS2,lat,28.6085,,,
US-KS2,lon,-80.6715,,,
US-KS2,tex_depth,0-200cm,,,
US-KS2,LAI_year_range,2003-2005,,,
US-Los,pft0,0,Satellite data. Harper et al.(2022),https://doi.org/10.5194/essd-2022-296,
US-Los,pft1,0,,,
US-Los,pft2,0,,,
US-Los,pft3,0,,,
US-Los,pft4,0,,,
US-Los,pft5,0,,,
US-Los,pft6,0,,,
US-Los,pft7,1,,,
US-Los,pft8,0,,,
US-Los,pft9,0,,,
US-Los,pft10,16,,,
US-Los,pft11,0,,,
US-Los,pft12,0,,,
US-Los,pft13,83,,,
US-Los,pft14,0,,,
US-Los,pft15,0,,,
US-Los,sand,0,AmeriFlux,https://ameriflux.lbl.gov/,
US-Los,silt,0,,,
US-Los,clay,0,,,
US-Los,LAI,4.9,"(Desai et al., 2008)",https://doi.org/10.1016/j.agrformet.2007.08.001,
US-Los,canopy height,2,FLUXNET BADM,https://fluxnet.org/,
US-Los,reference height,10.2,AmeriFlux,https://ameriflux.lbl.gov/,wind speed
US-Los,lat,46.0826,,,
US-Los,lon,-89.9792,,,
US-Los,tex_depth,0-50cm,,,
US-Los,LAI_year_range,Na,,,
US-Me2,pft0,0,Satellite data. Harper et al.(2022),https://doi.org/10.5194/essd-2022-296,
US-Me2,pft1,79,,,
US-Me2,pft2,0,,,
US-Me2,pft3,0,,,
US-Me2,pft4,0,,,
US-Me2,pft5,0,,,
US-Me2,pft6,0,,,
US-Me2,pft7,0,,,
US-Me2,pft8,0,,,
US-Me2,pft9,0,,,
US-Me2,pft10,0,,,
US-Me2,pft11,0,,,
US-Me2,pft12,0,,,
US-Me2,pft13,21,,,
US-Me2,pft14,0,,,
US-Me2,pft15,0,,,
US-Me2,sand,69,"(Thomas et al., 2009)",https://doi.org/10.1029/2009JG001010,
US-Me2,silt,24,,,
US-Me2,clay,7,,,
US-Me2,LAI,3.58,AmeriFlux,https://ameriflux.lbl.gov/,
US-Me2,canopy height,16.49,FLUXNET BADM,https://fluxnet.org/,
US-Me2,reference height,32,AmeriFlux,https://ameriflux.lbl.gov/,wind speed
US-Me2,lat,44.4523,,,
US-Me2,lon,-121.5574,,,
US-Me2,tex_depth,0-20cm,,,
US-Me2,LAI_year_range,2001-2008,,,
US-Me4,pft0,0,Satellite data. Harper et al.(2022),https://doi.org/10.5194/essd-2022-296,
US-Me4,pft1,76,,,
US-Me4,pft2,0,,,
US-Me4,pft3,0,,,
US-Me4,pft4,0,,,
US-Me4,pft5,0,,,
US-Me4,pft6,0,,,
US-Me4,pft7,0,,,
US-Me4,pft8,0,,,
US-Me4,pft9,0,,,
US-Me4,pft10,0,,,
US-Me4,pft11,0,,,
US-Me4,pft12,0,,,
US-Me4,pft13,24,,,
US-Me4,pft14,0,,,
US-Me4,pft15,0,,,
US-Me4,sand,66,"(Law et al., 2001)",https://doi.org/10.1046/j.1354-1013.2001.00439.x,
US-Me4,silt,25,,,
US-Me4,clay,10,,,
US-Me4,LAI,2.1,"(P. M. Anthoni et al., 2002)",https://doi.org/10.1016/S0168-1923(02)00021-7,
US-Me4,canopy height,16.5,FLUXNET BADM,https://fluxnet.org/,
US-Me4,reference height,47,AmeriFlux,https://ameriflux.lbl.gov/,wind speed
US-Me4,lat,44.4991,,,
US-Me4,lon,-121.6223,,,
US-Me4,tex_depth,0-20cm,,,
US-Me4,LAI_year_range,Na,,,
US-Me6,pft0,0,Satellite data. Harper et al.(2022),https://doi.org/10.5194/essd-2022-296,
US-Me6,pft1,16,,,
US-Me6,pft2,0,,,
US-Me6,pft3,0,,,
US-Me6,pft4,0,,,
US-Me6,pft5,0,,,
US-Me6,pft6,0,,,
US-Me6,pft7,0,,,
US-Me6,pft8,0,,,
US-Me6,pft9,0,,,
US-Me6,pft10,0,,,
US-Me6,pft11,0,,,
US-Me6,pft12,0,,,
US-Me6,pft13,84,,,
US-Me6,pft14,0,,,
US-Me6,pft15,0,,,
US-Me6,sand,82,"(Ruehr et al., 2014)",https://doi.org/10.5194/bg-11-4139-2014,
US-Me6,silt,16,,,
US-Me6,clay,2,,,
US-Me6,LAI,1.6,"(Chu et al., 2018)",https://doi.org/10.1029/2018GL079306,
US-Me6,canopy height,6.51,FLUXNET BADM,https://fluxnet.org/,
US-Me6,reference height,14.2,AmeriFlux,https://ameriflux.lbl.gov/,wind speed
US-Me6,lat,44.3232,,,
US-Me6,lon,-121.6078,,,
US-Me6,tex_depth,0-120cm,,,
US-Me6,LAI_year_range,Na,,,
US-MMS,pft0,0,"(Schmid et al., 2000);AmeriFlux",https://doi.org/10.1016/S0168-1923(00)00140-4;https://ameriflux.lbl.gov/,
US-MMS,pft1,0,,,
US-MMS,pft2,0,,,
US-MMS,pft3,0,,,
US-MMS,pft4,0,,,
US-MMS,pft5,0,,,
US-MMS,pft6,0,,,
US-MMS,pft7,100,,,
US-MMS,pft8,0,,,
US-MMS,pft9,0,,,
US-MMS,pft10,0,,,
US-MMS,pft11,0,,,
US-MMS,pft12,0,,,
US-MMS,pft13,0,,,
US-MMS,pft14,0,,,
US-MMS,pft15,0,,,
US-MMS,sand,34,AmeriFlux,https://ameriflux.lbl.gov/,
US-MMS,silt,3,,,
US-MMS,clay,63,,,
US-MMS,LAI,5.23,"(Slevin et al., 2015)",https://doi.org/10.5194/gmd-8-295-2015,
US-MMS,canopy height,27,FLUXNET BADM,https://fluxnet.org/,
US-MMS,reference height,46,AmeriFlux,https://ameriflux.lbl.gov/,wind speed
US-MMS,lat,39.3232,,,
US-MMS,lon,-86.4131,,,
US-MMS,tex_depth,Na,,,
US-MMS,LAI_year_range,Na,,,
US-MOz,pft0,0,Satellite data. Harper et al.(2022),https://doi.org/10.5194/essd-2022-296,
US-MOz,pft1,0,,,
US-MOz,pft2,0,,,
US-MOz,pft3,0,,,
US-MOz,pft4,0,,,
US-MOz,pft5,0,,,
US-MOz,pft6,0,,,
US-MOz,pft7,96,,,
US-MOz,pft8,0,,,
US-MOz,pft9,0,,,
US-MOz,pft10,0,,,
US-MOz,pft11,0,,,
US-MOz,pft12,0,,,
US-MOz,pft13,2,,,
US-MOz,pft14,2,,,
US-MOz,pft15,0,,,
US-MOz,sand,17,"(Gu et al., 2006)",https://doi.org/10.1029/2006JD007161,
US-MOz,silt,70,,,
US-MOz,clay,13,,,
US-MOz,LAI,4.01,AmeriFlux,https://ameriflux.lbl.gov/,
US-MOz,canopy height,24,"(Ukkola et al., 2022)",https://doi.org/10.5194/essd-14-449-2022,
US-MOz,reference height,30,AmeriFlux,https://ameriflux.lbl.gov/,wind speed
US-MOz,lat,38.7441,,,
US-MOz,lon,-92.2,,,
US-MOz,tex_depth,Na,,,
US-MOz,LAI_year_range,2006-2007,,,
US-Ne3,pft0,0,site picture,https://ameriflux.lbl.gov/,
US-Ne3,pft1,0,,,
US-Ne3,pft2,0,,,
US-Ne3,pft3,0,,,
US-Ne3,pft4,0,,,
US-Ne3,pft5,0,,,
US-Ne3,pft6,0,,,
US-Ne3,pft7,0,,,
US-Ne3,pft8,0,,,
US-Ne3,pft9,0,,,
US-Ne3,pft10,0,,,
US-Ne3,pft11,0,,,
US-Ne3,pft12,0,,,
US-Ne3,pft13,0,,,
US-Ne3,pft14,0,,,
US-Ne3,pft15,100,,,
US-Ne3,sand,8,AmeriFlux,https://ameriflux.lbl.gov/,
US-Ne3,silt,57,,,
US-Ne3,clay,35,,,
US-Ne3,LAI,4.48,AmeriFlux,https://ameriflux.lbl.gov/,
US-Ne3,canopy height,0.97,FLUXNET BADM,https://fluxnet.org/,
US-Ne3,reference height,3,AmeriFlux,https://ameriflux.lbl.gov/,wind speed
US-Ne3,lat,41.1796,,,
US-Ne3,lon,-96.4396,,,
US-Ne3,tex_depth,Na,,,
US-Ne3,LAI_year_range,2001-2007,,,
US-NR1,pft0,0,"(Monson et al., 2002)",https://doi.org/10.1046/j.1365-2486.2002.00480.x,
US-NR1,pft1,0,,,
US-NR1,pft2,83,,,
US-NR1,pft3,0,,,
US-NR1,pft4,0,,,
US-NR1,pft5,0,,,
US-NR1,pft6,0,,,
US-NR1,pft7,0,,,
US-NR1,pft8,0,,,
US-NR1,pft9,0,,,
US-NR1,pft10,0,,,
US-NR1,pft11,17,,,
US-NR1,pft12,0,,,
US-NR1,pft13,0,,,
US-NR1,pft14,0,,,
US-NR1,pft15,0,,,
US-NR1,sand,22,"(Matheny et al., 2014)",https://doi.org/10.1002/2014JG002623,
US-NR1,silt,20,,,
US-NR1,clay,58,,,
US-NR1,LAI,4.2,AmeriFlux,https://ameriflux.lbl.gov/,
US-NR1,canopy height,13.43,FLUXNET BADM,https://fluxnet.org/,
US-NR1,reference height,21.5,AmeriFlux,https://ameriflux.lbl.gov/,wind speed
US-NR1,lat,40.0329,,,
US-NR1,lon,-105.5464,,,
US-NR1,tex_depth,Na,,,
US-NR1,LAI_year_range,2000-2002,,,
US-SP2,pft0,0,Satellite data. Harper et al.(2022),https://doi.org/10.5194/essd-2022-296,
US-SP2,pft1,92,,,
US-SP2,pft2,0,,,
US-SP2,pft3,0,,,
US-SP2,pft4,0,,,
US-SP2,pft5,0,,,
US-SP2,pft6,0,,,
US-SP2,pft7,0,,,
US-SP2,pft8,0,,,
US-SP2,pft9,0,,,
US-SP2,pft10,0,,,
US-SP2,pft11,0,,,
US-SP2,pft12,0,,,
US-SP2,pft13,4,,,
US-SP2,pft14,4,,,
US-SP2,pft15,0,,,
US-SP2,sand,99,AmeriFlux,https://ameriflux.lbl.gov/,
US-SP2,silt,0,,,
US-SP2,clay,1,,,
US-SP2,LAI,7.29,AmeriFlux,https://ameriflux.lbl.gov/,
US-SP2,canopy height,1,"(Ukkola et al., 2022)",https://doi.org/10.5194/essd-14-449-2022,
US-SP2,reference height,4,AmeriFlux,https://ameriflux.lbl.gov/,wind speed
US-SP2,lat,29.7647,,,
US-SP2,lon,-82.2448,,,
US-SP2,tex_depth,Na,,,
US-SP2,LAI_year_range,2001-2007,,,
US-SP3,pft0,0,Satellite data. Harper et al.(2022),https://doi.org/10.5194/essd-2022-296,
US-SP3,pft1,56,,,
US-SP3,pft2,0,,,
US-SP3,pft3,0,,,
US-SP3,pft4,0,,,
US-SP3,pft5,0,,,
US-SP3,pft6,0,,,
US-SP3,pft7,0,,,
US-SP3,pft8,0,,,
US-SP3,pft9,0,,,
US-SP3,pft10,0,,,
US-SP3,pft11,0,,,
US-SP3,pft12,0,,,
US-SP3,pft13,22,,,
US-SP3,pft14,22,,,
US-SP3,pft15,0,,,
US-SP3,sand,99,AmeriFlux,https://ameriflux.lbl.gov/,
US-SP3,silt,0,,,
US-SP3,clay,1,,,
US-SP3,LAI,6.63,AmeriFlux,https://ameriflux.lbl.gov/,
US-SP3,canopy height,10,"(Ukkola et al., 2022)",https://doi.org/10.5194/essd-14-449-2022,
US-SP3,reference height,14,AmeriFlux,https://ameriflux.lbl.gov/,wind speed
US-SP3,lat,29.7547,,,
US-SP3,lon,-82.1632,,,
US-SP3,tex_depth,Na,,,
US-SP3,LAI_year_range,1999-2007,,,
US-SRG,pft0,0,"(Scott et al., 2015);AmeriFlux",https://doi.org/10.1002/2015JG003181;https://ameriflux.lbl.gov/,
US-SRG,pft1,0,,,
US-SRG,pft2,0,,,
US-SRG,pft3,0,,,
US-SRG,pft4,0,,,
US-SRG,pft5,0,,,
US-SRG,pft6,0,,,
US-SRG,pft7,0,,,
US-SRG,pft8,0,,,
US-SRG,pft9,0,,,
US-SRG,pft10,11,,,
US-SRG,pft11,0,,,
US-SRG,pft12,0,,,
US-SRG,pft13,44.5,,,
US-SRG,pft14,44.5,,,
US-SRG,pft15,0,,,
US-SRG,sand,82,"(Scott et al., 2015)",https://doi.org/10.1002/2015JG003181,
US-SRG,silt,12,,,
US-SRG,clay,6,,,
US-SRG,LAI,1.5,shijie,Na,
US-SRG,canopy height,0.5,FLUXNET BADM,https://fluxnet.org/,
US-SRG,reference height,3.25,AmeriFlux,https://ameriflux.lbl.gov/,wind speed
US-SRG,lat,31.7894,,,
US-SRG,lon,-110.8276,,,
US-SRG,tex_depth,Na,,,
US-SRG,LAI_year_range,2009-2014,,,
US-SRM,pft0,0,"(Barron-Gafford et al., 2011)",https://doi.org/10.1029/2010JG001442,
US-SRM,pft1,0,,,
US-SRM,pft2,0,,,
US-SRM,pft3,0,,,
US-SRM,pft4,0,,,
US-SRM,pft5,0,,,
US-SRM,pft6,0,,,
US-SRM,pft7,0,,,
US-SRM,pft8,0,,,
US-SRM,pft9,0,,,
US-SRM,pft10,35,,,
US-SRM,pft11,0,,,
US-SRM,pft12,0,,,
US-SRM,pft13,32.5,,,
US-SRM,pft14,32.5,,,
US-SRM,pft15,0,,,
US-SRM,sand,82,"(Scott et al., 2015)",https://doi.org/10.1002/2015JG003181,
US-SRM,silt,12,,,
US-SRM,clay,6,,,
US-SRM,LAI,1,"(Scott et al., 2009)",https://doi.org/10.1029/2008JG000900,
US-SRM,canopy height,2.5,FLUXNET BADM,https://fluxnet.org/,
US-SRM,reference height,7.8,AmeriFlux,https://ameriflux.lbl.gov/,wind speed
US-SRM,lat,31.8213,,,
US-SRM,lon,-110.8659,,,
US-SRM,tex_depth,Na,,,
US-SRM,LAI_year_range,Na,,,
US-Syv,pft0,0,"(Desai et al., 2005)",https://doi.org/10.1016/j.agrformet.2004.09.005,
US-Syv,pft1,14,,,
US-Syv,pft2,0,,,
US-Syv,pft3,0,,,
US-Syv,pft4,0,,,
US-Syv,pft5,0,,,
US-Syv,pft6,0,,,
US-Syv,pft7,86,,,
US-Syv,pft8,0,,,
US-Syv,pft9,0,,,
US-Syv,pft10,0,,,
US-Syv,pft11,0,,,
US-Syv,pft12,0,,,
US-Syv,pft13,0,,,
US-Syv,pft14,0,,,
US-Syv,pft15,0,,,
US-Syv,sand,57,AmeriFlux,https://ameriflux.lbl.gov/,
US-Syv,silt,36,,,
US-Syv,clay,6,,,
US-Syv,LAI,4.1,"(Tang et al., 2006)",https://doi.org/10.1029/2005JG000083,
US-Syv,canopy height,27.5,FLUXNET BADM,https://fluxnet.org/,
US-Syv,reference height,36,AmeriFlux,https://ameriflux.lbl.gov/,wind speed
US-Syv,lat,46.242,,,
US-Syv,lon,-89.3477,,,
US-Syv,tex_depth,Na,,,
US-Syv,LAI_year_range,2002,,,
US-Ton,pft0,0,"(Baldocchi et al., 2004)",https://doi.org/10.1016/j.agrformet.2003.11.006,
US-Ton,pft1,0,,,
US-Ton,pft2,0,,,
US-Ton,pft3,0,,,
US-Ton,pft4,0,,,
US-Ton,pft5,0,,,
US-Ton,pft6,0,,,
US-Ton,pft7,40,,,
US-Ton,pft8,0,,,
US-Ton,pft9,0,,,
US-Ton,pft10,0,,,
US-Ton,pft11,0,,,
US-Ton,pft12,0,,,
US-Ton,pft13,60,,,
US-Ton,pft14,0,,,
US-Ton,pft15,0,,,
US-Ton,sand,42.75,"(Baldocchi et al., 2004)",https://doi.org/10.1016/j.agrformet.2003.11.006,
US-Ton,silt,43.5,,,
US-Ton,clay,12.75,,,
US-Ton,LAI,2.6,shijie,Na,
US-Ton,canopy height,9.9,FLUXNET BADM,https://fluxnet.org/,
US-Ton,reference height,23.5,AmeriFlux,https://ameriflux.lbl.gov/,wind speed
US-Ton,lat,38.4315,,,
US-Ton,lon,-120.966,,,
US-Ton,tex_depth,Na,,,
US-Ton,LAI_year_range,2002-2014,,,
US-Var,pft0,0,site picture,https://ameriflux.lbl.gov/,
US-Var,pft1,0,,,
US-Var,pft2,0,,,
US-Var,pft3,0,,,
US-Var,pft4,0,,,
US-Var,pft5,0,,,
US-Var,pft6,0,,,
US-Var,pft7,0,,,
US-Var,pft8,0,,,
US-Var,pft9,0,,,
US-Var,pft10,0,,,
US-Var,pft11,0,,,
US-Var,pft12,0,,,
US-Var,pft13,100,,,
US-Var,pft14,0,,,
US-Var,pft15,0,,,
US-Var,sand,30,"(Xu and Baldocchi, 2004)",https://doi.org/10.1016/j.agrformet.2003.10.004,
US-Var,silt,57,,,
US-Var,clay,13,,,
US-Var,LAI,3.95,AmeriFlux,https://ameriflux.lbl.gov/,
US-Var,canopy height,0.23,FLUXNET BADM,https://fluxnet.org/,
US-Var,reference height,2.2,AmeriFlux,https://ameriflux.lbl.gov/,wind speed
US-Var,lat,38.4132,,,
US-Var,lon,-120.9507,,,
US-Var,tex_depth,Na,,,
US-Var,LAI_year_range,2001-2015,,,
US-WCr,pft0,0,Satellite data. Harper et al.(2022),https://doi.org/10.5194/essd-2022-296,
US-WCr,pft1,0,,,
US-WCr,pft2,0,,,
US-WCr,pft3,0,,,
US-WCr,pft4,0,,,
US-WCr,pft5,0,,,
US-WCr,pft6,0,,,
US-WCr,pft7,100,,,
US-WCr,pft8,0,,,
US-WCr,pft9,0,,,
US-WCr,pft10,0,,,
US-WCr,pft11,0,,,
US-WCr,pft12,0,,,
US-WCr,pft13,0,,,
US-WCr,pft14,0,,,
US-WCr,pft15,0,,,
US-WCr,sand,54,"(Cook et al., 2004)",https://doi.org/10.1016/j.agrformet.2004.06.008,
US-WCr,silt,33,,,
US-WCr,clay,13,,,
US-WCr,LAI,5.3,"(Chu et al., 2018)",https://doi.org/10.1029/2018GL079306,
US-WCr,canopy height,24.3,FLUXNET BADM,https://fluxnet.org/,
US-WCr,reference height,29.6,AmeriFlux,https://ameriflux.lbl.gov/,wind speed
US-WCr,lat,45.8059,,,
US-WCr,lon,-90.0799,,,
US-WCr,tex_depth,0-30cm,,,
US-WCr,LAI_year_range,Na,,,
US-Whs,pft0,39,"(Scott et al., 2006)",https://doi.org/10.1002/hyp.6329,
US-Whs,pft1,0,,,
US-Whs,pft2,0,,,
US-Whs,pft3,0,,,
US-Whs,pft4,0,,,
US-Whs,pft5,0,,,
US-Whs,pft6,0,,,
US-Whs,pft7,0,,,
US-Whs,pft8,0,,,
US-Whs,pft9,0,,,
US-Whs,pft10,51,,,
US-Whs,pft11,0,,,
US-Whs,pft12,0,,,
US-Whs,pft13,5,,,
US-Whs,pft14,5,,,
US-Whs,pft15,0,,,
US-Whs,sand,58,"(Scott et al., 2006)",https://doi.org/10.1002/hyp.6329,
US-Whs,silt,32,,,
US-Whs,clay,10,,,
US-Whs,LAI,0.7,shijie,Na,
US-Whs,canopy height,1,FLUXNET BADM,https://fluxnet.org/,
US-Whs,reference height,6.5,AmeriFlux,https://ameriflux.lbl.gov/,wind speed
US-Whs,lat,31.7437,,,
US-Whs,lon,-110.0522,,,
US-Whs,tex_depth,Na,,,
US-Whs,LAI_year_range,2008-2014,,,
US-Wkg,pft0,40,"(Moran et al., 2009)",https://doi.org/10.1016/j.agrformet.2009.03.018,
US-Wkg,pft1,0,,,
US-Wkg,pft2,0,,,
US-Wkg,pft3,0,,,
US-Wkg,pft4,0,,,
US-Wkg,pft5,0,,,
US-Wkg,pft6,0,,,
US-Wkg,pft7,0,,,
US-Wkg,pft8,0,,,
US-Wkg,pft9,0,,,
US-Wkg,pft10,0,,,
US-Wkg,pft11,0,,,
US-Wkg,pft12,0,,,
US-Wkg,pft13,30,,,
US-Wkg,pft14,30,,,
US-Wkg,pft15,0,,,
US-Wkg,sand,82,"(Scott et al., 2010)",https://doi.org/10.1029/2010JG001348,
US-Wkg,silt,12,,,
US-Wkg,clay,6,,,
US-Wkg,LAI,1,"(Scott et al., 2010)",https://doi.org/10.1029/2010JG001348,
US-Wkg,canopy height,0.5,FLUXNET BADM,https://fluxnet.org/,
US-Wkg,reference height,6.4,AmeriFlux,https://ameriflux.lbl.gov/,wind speed
US-Wkg,lat,31.7364,,,
US-Wkg,lon,-109.9419,,,
US-Wkg,tex_depth,Na,,,
US-Wkg,LAI_year_range,Na,,,
